pdb_id,chain_id,molecule,n_residues_ca,has_DU,het_resnames
1CA9,A,PROTEIN (TNF RECEPTOR ASSOCIATED FACTOR 2),191,0,
1CA9,B,PROTEIN (TNF RECEPTOR ASSOCIATED FACTOR 2),191,0,
1CA9,C,PROTEIN (TNF RECEPTOR ASSOCIATED FACTOR 2),191,0,
1CA9,D,PROTEIN (TNF RECEPTOR ASSOCIATED FACTOR 2),186,0,
1CA9,E,PROTEIN (TNF RECEPTOR ASSOCIATED FACTOR 2),186,0,
1CA9,F,PROTEIN (TNF RECEPTOR ASSOCIATED FACTOR 2),186,0,
1CA9,G,PROTEIN (TNF-R2),7,0,
1CA9,H,PROTEIN (TNF-R2),10,0,
1CA9,Z,,0,1,DU
1FS1,A,CYCLIN A/CDK2-ASSOCIATED P19,41,0,
1FS1,B,CYCLIN A/CDK2-ASSOCIATED P45,116,0,
1FS1,C,CYCLIN A/CDK2-ASSOCIATED P19,41,0,
1FS1,D,CYCLIN A/CDK2-ASSOCIATED P45,118,0,
1FS1,Z,,0,1,DU
1I4O,A,CASPASE-7,235,0,
1I4O,B,CASPASE-7,232,0,
1I4O,C,BACULOVIRAL IAP REPEAT-CONTAINING PROTEIN 4,17,0,
1I4O,D,BACULOVIRAL IAP REPEAT-CONTAINING PROTEIN 4,17,0,
1I4O,Z,,0,1,DU
1J7D,A,MMS2,140,0,
1J7D,B,UBIQUITIN-CONJUGATING ENZYME E2-17 KDA,149,0,
1J7D,Z,,0,1,DU
1LB5,A,TNF RECEPTOR-ASSOCIATED FACTOR 6,155,0,
1LB5,B,RECEPTOR ACTIVATOR OF NUCLEAR FACTOR-KAPPA B,8,0,
1LB6,A,TNF RECEPTOR-ASSOCIATED FACTOR 6,155,0,
1LB6,B,CD40 ANTIGEN,9,0,
1WRD,A,TARGET OF MYB PROTEIN 1,98,0,
1WRD,B,,76,0,
1WRD,Z,,0,1,DU
1XT9,A,SENTRIN-SPECIFIC PROTEASE 8,208,0,
1XT9,B,NEDDYLIN,76,0,
1YCQ,A,MDM2,88,0,
1YCQ,B,P53,11,0,
1YCQ,Z,,0,1,DU
2AK5,A,RHO GUANINE NUCLEOTIDE EXCHANGE FACTOR 7,60,0,
2AK5,B,RHO GUANINE NUCLEOTIDE EXCHANGE FACTOR 7,64,0,
2AK5,D,8-RESIDUE PEPTIDE FROM A SIGNAL TRANSDUCTION PROTEIN CBL-B,8,0,
2AK5,Z,,0,1,DU
2BF8,A,UBIQUITIN-CONJUGATING ENZYME E2-25 KDA,154,0,
2BF8,B,UBIQUITIN-LIKE PROTEIN SMT3C,77,0,
2BF8,Z,,0,1,DU
2BKR,A,SENTRIN-SPECIFIC PROTEASE 8,211,0,
2BKR,B,NEDDYLIN,77,0,
2BKR,Z,,0,1,DU
2D3G,A,UBIQUITIN,72,0,
2D3G,B,UBIQUITIN,72,0,
2D3G,P,UBIQUITIN INTERACTING MOTIF FROM HEPATOCYTE GROWTH FACTOR-  REGULATED TYROSINE KINASE SUBSTRATE,18,0,
2D3G,Z,,0,1,DU
2E31,A,F-BOX ONLY PROTEIN 2,246,0,
2E31,B,S-PHASE KINASE-ASSOCIATED PROTEIN 1A,133,0,
2E31,Z,,0,1,DU
2FLU,X,KELCH-LIKE ECH-ASSOCIATED PROTEIN 1,285,0,
2FLU,P,NRF2,16,0,
2FLU,Z,,0,1,DU
2FNJ,A,"CG2944-PF, ISOFORM F",217,0,
2FNJ,B,TRANSCRIPTION ELONGATION FACTOR B POLYPEPTIDE 2,98,0,
2FNJ,C,TRANSCRIPTION ELONGATION FACTOR B POLYPEPTIDE 1,88,0,
2FOJ,A,UBIQUITIN CARBOXYL-TERMINAL HYDROLASE 7,137,0,
2FOJ,B,P53 PEPTIDE,7,0,
2FOO,A,UBIQUITIN CARBOXYL-TERMINAL HYDROLASE 7,137,0,
2FOO,B,P53 PEPTIDE,6,0,
2FOP,A,UBIQUITIN CARBOXYL-TERMINAL HYDROLASE 7,137,0,
2FOP,B,MDM2 PEPTIDE,6,0,
2GWF,A,UBIQUITIN CARBOXYL-TERMINAL HYDROLASE 8,136,0,
2GWF,B,RING FINGER PROTEIN 41,121,0,
2GWF,C,UBIQUITIN CARBOXYL-TERMINAL HYDROLASE 8,134,0,
2GWF,D,RING FINGER PROTEIN 41,126,0,
2GWF,E,UBIQUITIN CARBOXYL-TERMINAL HYDROLASE 8,137,0,
2GWF,F,RING FINGER PROTEIN 41,122,0,
2GWF,Z,,0,1,DU
2J6F,A,CD2-ASSOCIATED PROTEIN,57,0,
2J6F,C,E3 UBIQUITIN-PROTEIN LIGASE CBL-B,8,0,
2JK9,A,SPRY DOMAIN-CONTAINING SOCS BOX PROTEIN 1,202,0,
2JK9,B,PRKC APOPTOSIS WT1 REGULATOR PROTEIN,8,0,
2OOB,A,E3 UBIQUITIN-PROTEIN LIGASE CBL-B,44,0,
2OOB,B,,72,0,
2OOB,Z,,0,1,DU
2OT3,A,RAB5 GDP/GTP EXCHANGE FACTOR,253,0,
2OT3,B,RAS-RELATED PROTEIN RAB-21,157,0,
2OT3,Z,,0,1,DU
2QHO,A,UBIQUITIN,72,0,
2QHO,B,E3 UBIQUITIN-PROTEIN LIGASE EDD1,47,0,
2QHO,C,UBIQUITIN,76,0,
2QHO,D,E3 UBIQUITIN-PROTEIN LIGASE EDD1,49,0,
2QHO,E,UBIQUITIN,75,0,
2QHO,F,E3 UBIQUITIN-PROTEIN LIGASE EDD1,49,0,
2QHO,G,UBIQUITIN,72,0,
2QHO,H,E3 UBIQUITIN-PROTEIN LIGASE EDD1,48,0,
2X83,A,HIV-1 CAPSID,146,0,
2X83,B,TRIM5/CYPA FUSION PROTEIN,163,0,
2X83,C,HIV-1 CAPSID,146,0,
2X83,D,TRIM5/CYPA FUSION PROTEIN,163,0,
2XXN,A,UBIQUITIN CARBOXYL-TERMINAL HYDROLASE 7,143,0,
2XXN,B,K10,15,0,
2Z5S,M,MDM4 PROTEIN,92,0,
2Z5S,P,CELLULAR TUMOR ANTIGEN P53,11,0,
2Z5S,N,MDM4 PROTEIN,86,0,
2Z5S,Q,CELLULAR TUMOR ANTIGEN P53,11,0,
2Z5S,O,MDM4 PROTEIN,86,0,
2Z5S,R,CELLULAR TUMOR ANTIGEN P53,10,0,
2Z5S,Z,,0,1,DU
2Z5T,M,MDM4 PROTEIN,89,0,
2Z5T,P,CELLULAR TUMOR ANTIGEN P53,11,0,
2Z5T,N,MDM4 PROTEIN,92,0,
2Z5T,Q,CELLULAR TUMOR ANTIGEN P53,11,0,
2Z5T,O,MDM4 PROTEIN,93,0,
2Z5T,R,CELLULAR TUMOR ANTIGEN P53,11,0,
2Z5T,Z,,0,1,DU
3A1Q,A,UBIQUITIN,73,0,
3A1Q,B,UBIQUITIN,76,0,
3A1Q,C,UBIQUITIN INTERACTION MOTIF-CONTAINING PROTEIN 1,45,0,
3A1Q,D,UBIQUITIN,74,0,
3A1Q,E,UBIQUITIN,76,0,
3A1Q,F,UBIQUITIN INTERACTION MOTIF-CONTAINING PROTEIN 1,45,0,
3A1Q,Z,,0,1,DU
3DAB,A,MDM4 PROTEIN,88,0,
3DAB,B,CELLULAR TUMOR ANTIGEN P53,12,0,
3DAB,C,MDM4 PROTEIN,86,0,
3DAB,D,CELLULAR TUMOR ANTIGEN P53,11,0,
3DAB,E,MDM4 PROTEIN,86,0,
3DAB,F,CELLULAR TUMOR ANTIGEN P53,12,0,
3DAB,G,MDM4 PROTEIN,88,0,
3DAB,H,CELLULAR TUMOR ANTIGEN P53,11,0,
3DAB,Z,,0,1,DU
3DAC,M,MDM4 PROTEIN,85,0,
3DAC,P,CELLULAR TUMOR ANTIGEN P53,12,0,
3DAC,A,MDM4 PROTEIN,85,0,
3DAC,B,CELLULAR TUMOR ANTIGEN P53,13,0,
3DAC,Z,,0,1,DU
3DCG,A,TRANSCRIPTION ELONGATION FACTOR B POLYPEPTIDE 2,99,0,
3DCG,B,TRANSCRIPTION ELONGATION FACTOR B POLYPEPTIDE 1,84,0,
3DCG,C,TRANSCRIPTION ELONGATION FACTOR B POLYPEPTIDE 2,97,0,
3DCG,D,TRANSCRIPTION ELONGATION FACTOR B POLYPEPTIDE 1,86,0,
3DCG,E,VIRION INFECTIVITY FACTOR,17,0,
3DCG,F,VIRION INFECTIVITY FACTOR,16,0,
3DCG,Z,,0,1,DU
3F2O,A,SPRY DOMAIN-CONTAINING SOCS BOX PROTEIN 1,203,0,
3F2O,B,SPRY DOMAIN-CONTAINING SOCS BOX PROTEIN 1,204,0,
3F2O,C,20-MER PEPTIDE FROM ATP-DEPENDENT RNA HELICASE VASA,18,0,
3F2O,D,20-MER PEPTIDE FROM ATP-DEPENDENT RNA HELICASE VASA,15,0,
3F2O,Z,,0,1,DU
3G5Y,A,175 LIGHT CHAIN,213,0,
3G5Y,B,175 HEAVY CHAIN,210,0,
3G5Y,E,EGFR PEPTIDE,16,0,
3GCG,A,CELL DIVISION CONTROL PROTEIN 42 HOMOLOG,173,0,
3GCG,B,L0028 (MITOCHONDRIA ASSOCIATED PROTEIN),152,0,
3GCG,Z,,0,1,DU
3H8K,A,UBIQUITIN-CONJUGATING ENZYME E2 G2,164,0,
3H8K,B,"AUTOCRINE MOTILITY FACTOR RECEPTOR, ISOFORM 2",28,0,
3K9O,A,UBIQUITIN-CONJUGATING ENZYME E2 K,198,0,
3K9O,B,UBIQUITIN,75,0,
3K9O,Z,,0,1,DU
3M7F,A,GROWTH FACTOR RECEPTOR-BOUND PROTEIN 10,107,0,
3M7F,B,E3 UBIQUITIN-PROTEIN LIGASE NEDD4,135,0,
3M7F,Z,,0,1,DU
3MQR,A,UBIQUITIN CARBOXYL-TERMINAL HYDROLASE 7,137,0,
3MQR,B,HDMX PEPTIDE,4,0,
3MQS,C,UBIQUITIN CARBOXYL-TERMINAL HYDROLASE 7,137,0,
3MQS,D,HDM2 PEPTIDE,7,0,
3PLU,A,UBIQUITIN-LIKE MODIFIER HUB1,74,0,
3PLU,B,UBIQUITIN-LIKE MODIFIER HUB1,74,0,
3PLU,C,66 KDA U4/U6.U5 SMALL NUCLEAR RIBONUCLEOPROTEIN COMPONENT,18,0,
3PLU,D,66 KDA U4/U6.U5 SMALL NUCLEAR RIBONUCLEOPROTEIN COMPONENT,18,0,
3PLU,Z,,0,1,DU
3PLV,A,UBIQUITIN-LIKE MODIFIER HUB1,80,0,
3PLV,C,66 KDA U4/U6.U5 SMALL NUCLEAR RIBONUCLEOPROTEIN COMPONENT,21,0,
3Q47,B,STIP1 HOMOLOGY AND U BOX-CONTAINING PROTEIN 1,132,0,
3Q47,C,SMAD1 PEPTIDE,7,0,
3Q47,Z,,0,1,DU
3Q49,B,STIP1 HOMOLOGY AND U BOX-CONTAINING PROTEIN 1,132,0,
3Q49,C,HSP70-C PEPTIDE,7,0,
3QC8,A,TRANSITIONAL ENDOPLASMIC RETICULUM ATPASE,170,0,
3QC8,B,FAS-ASSOCIATED FACTOR 1,80,0,
3QC8,Z,,0,1,DU
3QHY,A,BETA-LACTAMASE,258,0,
3QHY,B,BETA-LACTAMASE INHIBITORY PROTEIN II,271,0,
3QHY,Z,,0,1,DU
3U30,A,LINEAR DI-UBIQUITIN,149,0,
3U30,B,LIGHT CHAIN FAB,211,0,
3U30,C,HEAVY CHAIN FAB,218,0,
3U30,D,LINEAR DI-UBIQUITIN,145,0,
3U30,E,LIGHT CHAIN FAB,211,0,
3U30,F,HEAVY CHAIN FAB,218,0,
4C9R,A,E3 UBIQUITIN-PROTEIN LIGASE ZNRF3,161,0,
4C9R,B,R-SPONDIN-2,105,0,
4C9R,C,E3 UBIQUITIN-PROTEIN LIGASE ZNRF3,161,0,
4C9R,D,R-SPONDIN-2,107,0,
4DHI,B,UBIQUITIN THIOESTERASE OTUBAIN-LIKE,238,0,
4DHI,D,UBIQUITIN-CONJUGATING ENZYME E2 N,150,0,
4GGD,A,CELL DIVISION CYCLE PROTEIN 20 HOMOLOG,312,0,
4GGD,B,CELL DIVISION CYCLE PROTEIN 20 HOMOLOG,312,0,
4GGD,C,MITOTIC CHECKPOINT SERINE/THREONINE-PROTEIN KINASE BUB1  BETA,7,0,
4GGD,D,MITOTIC CHECKPOINT SERINE/THREONINE-PROTEIN KINASE BUB1  BETA,8,0,
4GGD,Z,,0,1,DU
4GHU,A,TNF RECEPTOR-ASSOCIATED FACTOR 3,190,0,
4GHU,B,MITOCHONDRIAL ANTIVIRAL-SIGNALING PROTEIN,14,0,
4IFL,X,KELCH-LIKE ECH-ASSOCIATED PROTEIN 1,285,0,
4IFL,P,NRF2 PEPTIDE,16,0,
4IFL,Z,,0,1,DU
4IP3,A,ORF169B,192,0,
4IP3,B,UBIQUITIN-CONJUGATING ENZYME E2 N,151,0,
4IP3,Z,,0,1,DU
4JHP,B,"RETINAL ROD RHODOPSIN-SENSITIVE CGMP 3',5'-CYCLIC  PHOSPHODIESTERASE SUBUNIT DELTA",142,0,
4JHP,C,X-LINKED RETINITIS PIGMENTOSA GTPASE REGULATOR,362,0,
4JHP,Z,,0,1,DU
4JJQ,A,UBIQUITIN CARBOXYL-TERMINAL HYDROLASE 7,137,0,
4JJQ,B,UBIQUITIN-CONJUGATING ENZYME E2 E1,4,0,
4KDI,A,TRANSITIONAL ENDOPLASMIC RETICULUM ATPASE,157,0,
4KDI,B,TRANSITIONAL ENDOPLASMIC RETICULUM ATPASE,166,0,
4KDI,C,UBIQUITIN THIOESTERASE OTU1,65,0,
4KDI,D,UBIQUITIN THIOESTERASE OTU1,75,0,
4KDI,Z,,0,1,DU
4KDL,A,TRANSITIONAL ENDOPLASMIC RETICULUM ATPASE,174,0,
4KDL,B,UBIQUITIN THIOESTERASE OTU1,69,0,
4KDL,Z,,0,1,DU
4KG9,A,UBIQUITIN CARBOXYL-TERMINAL HYDROLASE 7,138,0,
4KG9,B,MINI-CHROMOSOME MAINTENANCE COMPLEX-BINDING PROTEIN,7,0,
4M91,A,TUMOR SUPPRESSOR CANDIDATE 3,153,0,
4M91,B,PROTEIN CEREBLON,6,0,
4N3Y,A,RAB5 GDP/GTP EXCHANGE FACTOR,35,0,
4N3Y,B,RAB GTPASE-BINDING EFFECTOR PROTEIN 1,83,0,
4N3Y,C,RAB GTPASE-BINDING EFFECTOR PROTEIN 1,83,0,
4N3Y,Z,,0,1,DU
4NR3,A,UBIQUITIN-CONJUGATING ENZYME E2 VARIANT 2,140,0,
4NR3,B,UBIQUITIN-CONJUGATING ENZYME E2 N,149,0,
4NR3,Z,,0,1,DU
4NRG,A,UBIQUITIN-CONJUGATING ENZYME E2 VARIANT 2,140,0,
4NRG,B,UBIQUITIN-CONJUGATING ENZYME E2 N,147,0,
4NRG,Z,,0,1,DU
4ONL,A,UBIQUITIN-CONJUGATING ENZYME E2 VARIANT 2,140,0,
4ONL,B,UBIQUITIN-CONJUGATING ENZYME E2 N,149,0,
4ONL,Z,,0,1,DU
4P0A,A,E3 UBIQUITIN-PROTEIN LIGASE RNF31,174,0,
4P0A,B,TRANSITIONAL ENDOPLASMIC RETICULUM ATPASE,4,0,
4P0A,C,E3 UBIQUITIN-PROTEIN LIGASE RNF31,168,0,
4P0A,D,TRANSITIONAL ENDOPLASMIC RETICULUM ATPASE,4,0,
4P0A,Z,,0,1,DU
4Q5E,A,PROTEIN KINASE OSPG,168,0,
4Q5E,B,POLYUBIQUITIN,76,0,
4Q5E,C,UBIQUITIN-CONJUGATING ENZYME E2 L3,155,0,
4TQ1,A,AUTOPHAGY PROTEIN 5,258,0,
4TQ1,B,TECTONIN BETA-PROPELLER REPEAT-CONTAINING PROTEIN 1,32,0,
4TQ1,Z,,0,1,DU
4UN2,A,UBIQUITIN,72,0,
4UN2,B,UBIQUITIN DOMAIN-CONTAINING PROTEIN DSK2,43,0,
4WLR,A,UBIQUITIN CARBOXYL-TERMINAL HYDROLASE ISOZYME L5,296,0,
4WLR,B,PROTEASOMAL UBIQUITIN RECEPTOR ADRM1,99,0,
4WLR,C,POLYUBIQUITIN-B,76,0,
4WLR,Z,,0,1,DU
4YII,U,UBIQUITIN-CONJUGATING ENZYME E2 C,145,0,
4YII,A,ANAPHASE-PROMOTING COMPLEX SUBUNIT 2,72,0,
4ZTD,A,PROLIFERATING CELL NUCLEAR ANTIGEN,253,0,
4ZTD,B,PROLIFERATING CELL NUCLEAR ANTIGEN,253,0,
4ZTD,C,PROLIFERATING CELL NUCLEAR ANTIGEN,252,0,
4ZTD,D,ALA-PHE-GLN-ALA-LYS-LEU-ASP-THR-PHE-LEU-TRP-SER,12,0,
4ZTD,E,ALA-PHE-GLN-ALA-LYS-LEU-ASP-THR-PHE-LEU-TRP-SER,12,0,
4ZTD,F,ALA-GLY-ALA-GLY-ALA,5,0,
5B6C,A,TRANSITIONAL ENDOPLASMIC RETICULUM ATPASE,174,0,
5B6C,B,PEPTIDE FROM UBIQUITIN FUSION DEGRADATION PROTEIN 1  HOMOLOG,11,0,
5C6D,A,UBIQUITIN CARBOXYL-TERMINAL HYDROLASE 7,311,0,
5C6D,B,UBIQUITIN CARBOXYL-TERMINAL HYDROLASE 7,313,0,
5C6D,C,E3 UBIQUITIN-PROTEIN LIGASE UHRF1,13,0,
5C6D,D,E3 UBIQUITIN-PROTEIN LIGASE UHRF1,7,0,
5C6D,Z,,0,1,DU
5C6H,A,INDUCED MYELOID LEUKEMIA CELL DIFFERENTIATION PROTEIN MCL-  1,155,0,
5C6H,B,MULE BH3 PEPTIDE FROM E3 UBIQUITIN-PROTEIN LIGASE HUWE1,25,0,
5C6H,C,INDUCED MYELOID LEUKEMIA CELL DIFFERENTIATION PROTEIN MCL-  1,155,0,
5C6H,D,MULE BH3 PEPTIDE FROM E3 UBIQUITIN-PROTEIN LIGASE HUWE1,26,0,
5C6H,E,INDUCED MYELOID LEUKEMIA CELL DIFFERENTIATION PROTEIN MCL-  1,154,0,
5C6H,F,MULE BH3 PEPTIDE FROM E3 UBIQUITIN-PROTEIN LIGASE HUWE1,26,0,
5C6H,G,INDUCED MYELOID LEUKEMIA CELL DIFFERENTIATION PROTEIN MCL-  1,154,0,
5C6H,H,MULE BH3 PEPTIDE FROM E3 UBIQUITIN-PROTEIN LIGASE HUWE1,26,0,
5C6H,I,INDUCED MYELOID LEUKEMIA CELL DIFFERENTIATION PROTEIN MCL-  1,155,0,
5C6H,J,MULE BH3 PEPTIDE FROM E3 UBIQUITIN-PROTEIN LIGASE HUWE1,24,0,
5C6H,K,INDUCED MYELOID LEUKEMIA CELL DIFFERENTIATION PROTEIN MCL-  1,153,0,
5C6H,L,MULE BH3 PEPTIDE FROM E3 UBIQUITIN-PROTEIN LIGASE HUWE1,26,0,
5C6H,M,INDUCED MYELOID LEUKEMIA CELL DIFFERENTIATION PROTEIN MCL-  1,155,0,
5C6H,N,MULE BH3 PEPTIDE FROM E3 UBIQUITIN-PROTEIN LIGASE HUWE1,26,0,
5C6H,O,INDUCED MYELOID LEUKEMIA CELL DIFFERENTIATION PROTEIN MCL-  1,155,0,
5C6H,P,MULE BH3 PEPTIDE FROM E3 UBIQUITIN-PROTEIN LIGASE HUWE1,26,0,
5C6H,Q,INDUCED MYELOID LEUKEMIA CELL DIFFERENTIATION PROTEIN MCL-  1,154,0,
5C6H,R,MULE BH3 PEPTIDE FROM E3 UBIQUITIN-PROTEIN LIGASE HUWE1,24,0,
5C6H,S,INDUCED MYELOID LEUKEMIA CELL DIFFERENTIATION PROTEIN MCL-  1,154,0,
5C6H,T,MULE BH3 PEPTIDE FROM E3 UBIQUITIN-PROTEIN LIGASE HUWE1,26,0,
5C6H,U,INDUCED MYELOID LEUKEMIA CELL DIFFERENTIATION PROTEIN MCL-  1,151,0,
5C6H,V,MULE BH3 PEPTIDE FROM E3 UBIQUITIN-PROTEIN LIGASE HUWE1,23,0,
5C6H,W,INDUCED MYELOID LEUKEMIA CELL DIFFERENTIATION PROTEIN MCL-  1,153,0,
5C6H,X,MULE BH3 PEPTIDE FROM E3 UBIQUITIN-PROTEIN LIGASE HUWE1,25,0,
5EPP,A,TRANSITIONAL ENDOPLASMIC RETICULUM ATPASE,170,0,
5EPP,B,RHOMBOID-RELATED PROTEIN 4,15,0,
5EPP,Z,,0,1,DU
5GLF,A,TRANSITIONAL ENDOPLASMIC RETICULUM ATPASE,170,0,
5GLF,B,DERLIN-1,12,0,
5GLF,C,TRANSITIONAL ENDOPLASMIC RETICULUM ATPASE,171,0,
5GLF,D,DERLIN-1,11,0,
5GLF,E,TRANSITIONAL ENDOPLASMIC RETICULUM ATPASE,169,0,
5GLF,F,DERLIN-1,10,0,
5GLF,G,TRANSITIONAL ENDOPLASMIC RETICULUM ATPASE,168,0,
5GLF,H,DERLIN-1,10,0,
5GLF,Z,,0,1,DU
5HPK,A,E3 UBIQUITIN-PROTEIN LIGASE NEDD4-LIKE,372,0,
5HPK,B,UBIQUITIN VARIANT NL.1,78,0,
5HPK,Z,,0,1,DU
5HPL,A,RSP5,370,0,
5HPL,B,RSP5,370,0,
5HPL,C,UBIQUITIN VARIANT R5.4,81,0,
5HPL,D,UBIQUITIN VARIANT R5.4,81,0,
5HPL,Z,,0,1,DU
5HPS,A,WWP1 HECT,374,0,
5HPS,B,UBIQUITIN VARIANT P1.1,73,0,
5HPS,Z,,0,1,DU
5IGO,A,E3 UBIQUITIN-PROTEIN LIGASE COP1,321,0,
5IGO,U,TRIBBLES HOMOLOG 1,8,0,
5IGO,B,E3 UBIQUITIN-PROTEIN LIGASE COP1,321,0,
5IGO,V,TRIBBLES HOMOLOG 1,8,0,
5IGO,C,E3 UBIQUITIN-PROTEIN LIGASE COP1,323,0,
5IGO,W,TRIBBLES HOMOLOG 1,8,0,
5IGO,D,E3 UBIQUITIN-PROTEIN LIGASE COP1,322,0,
5IGO,X,TRIBBLES HOMOLOG 1,8,0,
5IGO,Z,,0,1,DU
5KWN,A,E3 UBIQUITIN-PROTEIN LIGASE COP1,306,0,
5KWN,U,PEPTIDE 16-MER,9,0,
5KYD,D,POLYUBIQUITIN-B,76,0,
5KYD,A,UBIQUITIN CARBOXYL-TERMINAL HYDROLASE 7,341,0,
5MN9,A,UBIQUITIN-40S RIBOSOMAL PROTEIN S27A,73,0,
5MN9,B,UBIQUITIN-40S RIBOSOMAL PROTEIN S27A,76,0,
5MN9,C,UBIQUITIN CARBOXYL-TERMINAL HYDROLASE MINDY-1,19,0,
5MN9,Z,,0,1,DU
5SXP,A,RHO GUANINE NUCLEOTIDE EXCHANGE FACTOR 7,61,0,
5SXP,B,RHO GUANINE NUCLEOTIDE EXCHANGE FACTOR 7,61,0,
5SXP,C,RHO GUANINE NUCLEOTIDE EXCHANGE FACTOR 7,60,0,
5SXP,D,RHO GUANINE NUCLEOTIDE EXCHANGE FACTOR 7,60,0,
5SXP,F,E3 UBIQUITIN-PROTEIN LIGASE ITCHY HOMOLOG,19,0,
5SXP,G,E3 UBIQUITIN-PROTEIN LIGASE ITCHY HOMOLOG,21,0,
5SXP,Z,,0,1,DU
5V1Y,A,PROTEASOMAL UBIQUITIN RECEPTOR ADRM1,114,0,
5V1Y,B,PROTEASOMAL UBIQUITIN RECEPTOR ADRM1,113,0,
5V1Y,C,UBIQUITIN,72,0,
5V1Y,D,UBIQUITIN,73,0,
5V1Y,E,26S PROTEASOME NON-ATPASE REGULATORY SUBUNIT 1,14,0,
5V1Y,F,26S PROTEASOME NON-ATPASE REGULATORY SUBUNIT 1,12,0,
5V1Y,Z,,0,1,DU
5V1Z,A,PROTEASOMAL UBIQUITIN RECEPTOR ADRM1,112,0,
5V1Z,B,PROTEASOMAL UBIQUITIN RECEPTOR ADRM1,112,0,
5V1Z,C,UBIQUITIN,72,0,
5V1Z,D,UBIQUITIN,73,0,
5V1Z,F,26S PROTEASOME NON-ATPASE REGULATORY SUBUNIT 1,12,0,
5V1Z,E,26S PROTEASOME NON-ATPASE REGULATORY SUBUNIT 1,12,0,
5V1Z,Z,,0,1,DU
5V89,A,DCN1-LIKE PROTEIN 4,190,0,
5V89,C,CULLIN-1,67,0,
5V89,Z,,0,1,DU
5XN3,A,SPRY DOMAIN-CONTAINING SOCS BOX PROTEIN 2,199,0,
5XN3,B,CR8 PEPTIDE FROM NOS2,8,0,
5XVW,A,PHD FINGER PROTEIN ALFIN-LIKE 2,132,0,
5XVW,B,PHD FINGER PROTEIN ALFIN-LIKE 2,131,0,
5XVW,D,ATRING1A DISTAL BINDING SITE,12,0,
5XVW,C,PHD FINGER PROTEIN ALFIN-LIKE 2,131,0,
5XVW,E,PHD FINGER PROTEIN ALFIN-LIKE 2,131,0,
5XVW,F,ATRING1A DISTAL BINDING SITE,11,0,
5Y21,A,PHD FINGER PROTEIN ALFIN-LIKE 2,131,0,
5Y21,B,PHD FINGER PROTEIN ALFIN-LIKE 2,131,0,
5Y21,C,ATRING1A PROXIMAL BINDING SITE PEPTIDE,12,0,
5Y21,D,ATRING1A PROXIMAL BINDING SITE PEPTIDE,9,0,
5Y21,Z,,0,1,DU
5Y53,A,PHD FINGER PROTEIN ALFIN-LIKE 2,132,0,
5Y53,B,PHD FINGER PROTEIN ALFIN-LIKE 2,131,0,
5Y53,D,ATBMI1B BINDING SITE,8,0,
5Y53,C,PHD FINGER PROTEIN ALFIN-LIKE 2,131,0,
5Y53,E,PHD FINGER PROTEIN ALFIN-LIKE 2,131,0,
5Y53,F,ATBMI1B BINDING SITE,7,0,
5ZQ3,A,SIDE,349,0,
5ZQ3,B,SIDE,350,0,
5ZQ3,C,UBIQUITIN,74,0,
5ZQ3,D,UBIQUITIN,74,0,
6A33,A,TNF RECEPTOR-ASSOCIATED FACTOR 6,152,0,
6A33,I,15-MER PEPTIDE FROM TRAF-INTERACTING PROTEIN WITH FHA  DOMAIN-CONTAINING PROTEIN A,11,0,
6B7M,A,SDED (LPG2509),312,0,
6B7M,B,POLYUBIQUITIN-C,76,0,
6B7M,C,POLYUBIQUITIN-C,76,0,
6B7M,Z,,0,1,DU
6B9M,A,E3 UBIQUITIN-PROTEIN LIGASE UHRF1,150,0,
6B9M,B,E3 UBIQUITIN-PROTEIN LIGASE UHRF1,148,0,
6B9M,C,E3 UBIQUITIN-PROTEIN LIGASE UHRF1,150,0,
6B9M,D,E3 UBIQUITIN-PROTEIN LIGASE UHRF1,17,0,
6B9M,Z,,0,1,DU
6BRP,B,F-BOX/LRR-REPEAT MAX2 HOMOLOG,620,0,
6BRP,A,SKP1-LIKE PROTEIN 1A,127,0,
6BRP,D,F-BOX/LRR-REPEAT MAX2 HOMOLOG,615,0,
6BRP,C,SKP1-LIKE PROTEIN 1A,137,0,
6BRP,Z,,0,1,DU
6CF6,A,TANKYRASE-1,320,0,
6CF6,B,TANKYRASE-1,319,0,
6CF6,C,RNF146,12,0,
6CF6,D,RNF146,10,0,
6CF6,Z,,0,1,DU
6D4P,A,UBIQUITIN-CONJUGATING ENZYME E2 D1,149,0,
6D4P,C,UBIQUITIN VARIANT UBV.D1.1,74,0,
6D4P,Z,,0,1,DU
6DO3,A,KELCH DOMAIN-CONTAINING PROTEIN 2,317,0,
6DO3,C,SELK C-END DEGRON,7,0,
6DO3,B,KELCH DOMAIN-CONTAINING PROTEIN 2,317,0,
6DO3,D,SELK C-END DEGRON,7,0,
6DO3,Z,,0,1,DU
6DO4,A,KELCH DOMAIN-CONTAINING PROTEIN 2,319,0,
6DO4,B,KELCH DOMAIN-CONTAINING PROTEIN 2,318,0,
6DO4,D,SELS C-END DEGRON,6,0,
6DO4,C,SELS C-END DEGRON,6,0,
6DO4,Z,,0,1,DU
6I2M,A,KELCH REPEAT AND BTB DOMAIN-CONTAINING PROTEIN A55,196,0,
6I2M,B,CULLIN-3,343,0,
6I2M,Z,,0,1,DU
6JB7,B,UBIQUITIN,76,0,
6JB7,A,UBIQUITIN-CONJUGATING ENZYME E2 K,200,0,
6JB7,Z,,0,1,DU
6JKY,A,MVCA,384,0,
6JKY,B,UBIQUITIN-CONJUGATING ENZYME E2 N,149,0,
6JKY,C,UB,76,0,
6JKY,D,MVCA,381,0,
6JKY,E,UBIQUITIN-CONJUGATING ENZYME E2 N,148,0,
6JKY,F,UB,75,0,
6JKY,Z,,0,1,DU
6JWM,A,SPRY DOMAIN-CONTAINING SOCS BOX PROTEIN 2,203,0,
6JWM,B,"NITRIC OXIDE SYNTHASE, INDUCIBLE",7,0,
6JWN,A,SPRY DOMAIN-CONTAINING SOCS BOX PROTEIN 2,193,0,
6JWN,B,"NITRIC OXIDE SYNTHASE, INDUCIBLE",9,0,
6JWN,C,SPRY DOMAIN-CONTAINING SOCS BOX PROTEIN 2,193,0,
6JWN,D,"NITRIC OXIDE SYNTHASE, INDUCIBLE",9,0,
6JWN,Z,,0,1,DU
6K9P,B,UBIQUITIN THIOESTERASE,241,0,
6K9P,G,UBIQUITIN,76,0,
6K9P,Z,,0,1,DU
6KEY,A,SPRY DOMAIN-CONTAINING SOCS BOX PROTEIN 2,200,0,
6KEY,B,"NITRIC OXIDE SYNTHASE, INDUCIBLE",8,0,
6KG6,B,MAVC,379,0,
6KG6,C,UBIQUITIN-40S RIBOSOMAL PROTEIN S27A,75,0,
6KG6,G,UBIQUITIN-CONJUGATING ENZYME E2 N,151,0,
6KG6,Z,,0,1,DU
6N6R,A,UBIQUITIN,148,0,
6N6R,B,TNFAIP3-INTERACTING PROTEIN 1,68,0,
6N6R,D,TNFAIP3-INTERACTING PROTEIN 1,67,0,
6N6R,C,UBIQUITIN,150,0,
6NXK,A,POLYUBIQUITIN-C,73,0,
6NXK,B,POLYUBIQUITIN-C,73,0,
6NXK,C,ANAPHASE-PROMOTING COMPLEX SUBUNIT 2,76,0,
6NXK,D,ANAPHASE-PROMOTING COMPLEX SUBUNIT 2,74,0,
6NXK,Z,,0,1,DU
6OQ1,A,UBIQUITIN,76,0,
6OQ1,B,UBIQUITIN,76,0,
6OQ1,C,UBIQUITIN,76,0,
6OQ1,D,UBIQUITIN,76,0,
6OQ1,E,UBIQUITIN,71,0,
6OQ1,F,UBIQUITIN,71,0,
6P5B,A,MAVC,388,0,
6P5B,C,UBIQUITIN-CONJUGATING ENZYME E2 N,150,0,
6P5B,E,UBIQUITIN,75,0,
6P5B,Z,,0,1,DU
6RYA,A,SEPTATION INITIATION PROTEIN,308,0,
6RYA,B,POLYUBIQUITIN-C,76,0,
6RYA,C,SEPTATION INITIATION PROTEIN,308,0,
6RYA,D,POLYUBIQUITIN-C,76,0,
6RYA,E,SEPTATION INITIATION PROTEIN,308,0,
6RYA,F,POLYUBIQUITIN-C,76,0,
6ULH,A,LPG2147 (MAVC),376,0,
6ULH,C,UBIQUITIN-CONJUGATING ENZYME E2 N,145,0,
6ULH,E,UBIQUITIN,76,0,
6UMS,A,MAVC,375,0,
6UMS,C,UBIQUITIN-CONJUGATING ENZYME E2 N,145,0,
6UMS,E,UBIQUITIN,76,0,
6UPU,A,ULP_PROTEASE DOMAIN-CONTAINING PROTEIN,259,0,
6UPU,B,UBIQUITIN,77,0,
6UPU,C,UBIQUITIN,76,0,
6UPU,D,UBIQUITIN,76,0,
6UPU,E,ULP_PROTEASE DOMAIN-CONTAINING PROTEIN,258,0,
6UPU,F,UBIQUITIN,77,0,
6UPU,G,UBIQUITIN,75,0,
6UPU,H,UBIQUITIN,76,0,
6UPU,I,ULP_PROTEASE DOMAIN-CONTAINING PROTEIN,258,0,
6UPU,J,UBIQUITIN,77,0,
6UPU,K,UBIQUITIN,75,0,
6UPU,L,UBIQUITIN,76,0,
6UPU,M,ULP_PROTEASE DOMAIN-CONTAINING PROTEIN,258,0,
6UPU,N,UBIQUITIN,78,0,
6UPU,O,UBIQUITIN,75,0,
6UPU,P,UBIQUITIN,77,0,
6UPU,Z,,0,1,DU
6XOD,A,PROTEIN PEROXIN-4,154,0,
6XOD,B,PEROXISOME BIOGENESIS PROTEIN 22,166,0,
6XOD,Z,,0,1,DU
7APJ,A,"RAC-ALPHA SERINE/THREONINE-PROTEIN KINASE,NON-SPECIFIC  SERINE/THREONINE PROTEIN KINASE,RAC-ALPHA SERINE/THREONINE-PROTEIN  KINASE",385,0,
7APJ,B,NB41,117,0,
7AZX,A,ZINC FINGER AND BTB DOMAIN-CONTAINING PROTEIN 17 ISOFORM  X1,119,0,
7AZX,B,ZINC FINGER AND BTB DOMAIN-CONTAINING PROTEIN 17 ISOFORM  X1,113,0,
7AZX,C,E3 UBIQUITIN-PROTEIN LIGASE HUWE1,21,0,
7AZX,Z,,0,1,DU
7JXV,A,PHOSPHATIDYLINOSITOL-BINDING CLATHRIN ASSEMBLY PROTEIN,268,0,
7JXV,B,UBIQUITIN,74,0,
7K2E,A,KELCH-LIKE ECH-ASSOCIATED PROTEIN 1,282,0,
7K2E,B,KELCH-LIKE ECH-ASSOCIATED PROTEIN 1,290,0,
7K2E,P,GLY-ASP-GLU-GLU-THR-GLY-GLU,7,0,
7K2E,Z,,0,1,DU
7LEW,A,UBIQUITIN-CONJUGATING ENZYME E2 G2,154,0,
7LEW,B,LIPID DROPLET-REGULATING VLDL ASSEMBLY FACTOR AUP1,28,0,
7LEW,Z,,0,1,DU
7OVX,A,E3 UBIQUITIN-PROTEIN LIGASE TRIM7,174,0,
7OVX,Q,PEPTIDE G,12,0,
7OVX,Z,,0,1,DU
7OWC,A,UBIQUITIN-60S RIBOSOMAL PROTEIN L40,74,0,
7OWC,B,DEUBIQUITINATING ENZYME CYLD,95,0,
7OWC,C,UBIQUITIN-60S RIBOSOMAL PROTEIN L40,73,0,
7OWC,D,DEUBIQUITINATING ENZYME CYLD,94,0,
7OWC,Z,,0,1,DU
7OWD,B,UBIQUITIN CARBOXYL-TERMINAL HYDROLASE CYLD,84,0,
7OWD,A,UBIQUITIN,76,0,
7OWD,Z,,0,1,DU
7V8E,B,RING-TYPE E3 UBIQUITIN TRANSFERASE,236,0,
7V8E,C,RANBP-TYPE AND C3HC4-TYPE ZINC FINGER-CONTAINING PROTEIN 1,78,0,
7V8E,A,RING-TYPE E3 UBIQUITIN TRANSFERASE,236,0,
7V8E,D,RANBP-TYPE AND C3HC4-TYPE ZINC FINGER-CONTAINING PROTEIN 1,77,0,
7W0Q,A,E3 UBIQUITIN-PROTEIN LIGASE TRIM7,173,0,
7W0Q,B,PEPTIDE,10,0,
7W0Q,Z,,0,1,DU
7W0T,F,E3 UBIQUITIN-PROTEIN LIGASE TRIM7,169,0,
7W0T,C,E3 UBIQUITIN-PROTEIN LIGASE TRIM7,170,0,
7W0T,B,E3 UBIQUITIN-PROTEIN LIGASE TRIM7,169,0,
7W0T,A,PEPTIDE,7,0,
7W0T,D,PEPTIDE,6,0,
7W0T,E,PEPTIDE,5,0,
7W0T,Z,,0,1,DU
7X6Y,A,E3 UBIQUITIN-PROTEIN LIGASE TRIM7,169,0,
7X6Y,B,PEPTIDE,7,0,
7X6Z,A,E3 UBIQUITIN-PROTEIN LIGASE TRIM7,170,0,
7X6Z,B,PEPTIDE,6,0,
7X70,A,E3 UBIQUITIN-PROTEIN LIGASE TRIM7,170,0,
7X70,B,PEPTIDE,5,0,
8A8X,A,E3 UBIQUITIN-PROTEIN LIGASE TRIM7,173,0,
8A8X,B,MNV1-NS3 C TERM PEPTIDE,3,0,
8A8X,C,E3 UBIQUITIN-PROTEIN LIGASE TRIM7,173,0,
8A8X,D,MNV1-NS3 C TERM PEPTIDE,4,0,
8A8X,Z,,0,1,DU
8CMR,A,OTU DOMAIN-CONTAINING PROTEIN,241,0,
8CMR,B,POLYUBIQUITIN-B,150,0,
8CMR,C,OTU DOMAIN-CONTAINING PROTEIN,240,0,
8CMR,D,POLYUBIQUITIN-B,152,0,
8D5J,A,MHC CLASS I HEAVY CHAIN MATURATION PEPTIDE H-2K(D),275,0,
8D5J,B,BETA-2-MICROGLOBULIN,100,0,
8D5J,C,PRE-MRNA-PROCESSING FACTOR 19,9,0,
8D5K,A,"H-2 CLASS I HISTOCOMPATIBILITY ANTIGEN, K-D ALPHA CHAIN",273,0,
8D5K,B,BETA-2-MICROGLOBULIN,100,0,
8D5K,C,PRE-MRNA-PROCESSING FACTOR 19,9,0,
8EBL,A,KELCH DOMAIN-CONTAINING PROTEIN 2,335,0,
8EBL,B,KELCH DOMAIN-CONTAINING PROTEIN 2,333,0,
8EBL,D,GLU-ASP-SER-HIS-LYS-GLU-SER-ASN-ASP-CYS-SER-CYS-GLY-GLY,7,0,
8EBL,C,GLU-ASP-SER-HIS-LYS-GLU-SER-ASN-ASP-CYS-SER-CYS-GLY-GLY,7,0,
8EBL,Z,,0,1,DU
8EFX,A,OTDUB,259,0,
8EFX,B,UBIQUITIN,75,0,
8F5Q,A,PROLIFERATING CELL NUCLEAR ANTIGEN,237,0,
8F5Q,B,F-BOX DNA HELICASE 1,8,0,
8F5Q,C,PROLIFERATING CELL NUCLEAR ANTIGEN,244,0,
8F5Q,D,F-BOX DNA HELICASE 1,8,0,
8F5Q,E,PROLIFERATING CELL NUCLEAR ANTIGEN,240,0,
8F5Q,F,F-BOX DNA HELICASE 1,9,0,
8FYU,B,E3 UBIQUITIN-PROTEIN LIGASE CHIP,128,0,
8FYU,A,E3 UBIQUITIN-PROTEIN LIGASE CHIP,126,0,
8FYU,E,ACE-SER-SER-THR-GLY-SER-ILE-ASP-MET-VAL-ASP,10,0,
8FYU,C,ACE-SER-SER-THR-GLY-SER-ILE-ASP-MET-VAL-ASP,10,0,
8FYU,Z,,0,1,DU
8HTD,A,NAD(+)--PROTEIN-THREONINE ADP-RIBOSYLTRANSFERASE,218,0,
8HTD,B,UBIQUITIN,75,0,
8HZ8,A,"PEPTIDYL-PROLYL CIS-TRANS ISOMERASE A, N-TERMINALLY  PROCESSED",164,0,
8HZ8,C,NRF2 PEPTIDE,4,0,
8KDX,A,TYROSINE-PROTEIN KINASE FYN,60,0,
8KDX,B,MICROTUBULE-ASSOCIATED PROTEIN TAU,10,0,
8KDX,Z,,0,1,DU
8T2D,B,UBIQUITIN VARIANT I53,75,0,
8T2D,A,TUMOR PROTEIN P53 BINDING PROTEIN 1,115,0,
8T2D,Z,,0,1,DU
8Y1U,A,ANKYRIN REPEAT AND SOCS BOX PROTEIN 7,305,0,
8Y1U,B,PEPTIDE FROM LEUCINE ZIPPER PUTATIVE TUMOR SUPPRESSOR 1,23,0,
8Y1U,C,ELONGIN-B,35,0,
8Y1U,D,ELONGIN-C,60,0,
8Y1U,Z,,0,1,DU
9BIV,A,UBIQUITIN-CONJUGATING ENZYME E2 VARIANT 2,140,0,
9BIV,B,UBIQUITIN-CONJUGATING ENZYME E2 N,148,0,
9BIV,Z,,0,1,DU
9LAF,B,ELONGIN-B,92,0,
9LAF,C,ELONGIN-C,87,0,
9LAF,A,ELONGIN BC AND POLYCOMB REPRESSIVE COMPLEX 2-ASSOCIATED  PROTEIN,16,0,
9OSC,A,CHROMOBOX PROTEIN HOMOLOG 3,63,0,
9OSC,C,TRANSCRIPTION INTERMEDIARY FACTOR 1-BETA,7,0,
9YEA,A,UBIQUITIN-CONJUGATING ENZYME E2 D2,148,0,
9YEA,B,UBIQUITIN,76,0,
9YEA,Z,,0,1,DU
