pdb_file,pdb_stem,du_index,du_label,anchor_x,anchor_y,anchor_z,radius_A,n_residues,n_pos,n_neg,pos_over_posneg,n_polar,n_apolar,polar_over_polarapolar,n_aromatic,n_nonaromatic,aromatic_fraction,residue_hist,chain1_id,chain1_n_residues,chain1_n_pos,chain1_n_neg,chain1_pos_over_posneg,chain1_n_polar,chain1_n_apolar,chain1_polar_over_polarapolar,chain1_n_aromatic,chain1_n_nonaromatic,chain1_aromatic_fraction,chain1_residue_hist,chain1_uniprot,chain1_gene_symbol,chain2_id,chain2_n_residues,chain2_n_pos,chain2_n_neg,chain2_pos_over_posneg,chain2_n_polar,chain2_n_apolar,chain2_polar_over_polarapolar,chain2_n_aromatic,chain2_n_nonaromatic,chain2_aromatic_fraction,chain2_residue_hist,chain2_uniprot,chain2_gene_symbol
1C4Z_DU.pdb,1C4Z_DU,0,Z/1,83.49,11.05,82.56,8.0,17,3,1,0.75,9,8,0.5294,2,15,0.1176,ARG:2;ASN:2;ILE:2;ALA:1;CYS:1;GLU:1;GLY:1;LEU:1;LYS:1;PHE:1;PRO:1;SER:1;TYR:1;VAL:1,C,14,1,0,1.0,6,8,0.4286,2,12,0.1429,ASN:2;ILE:2;ALA:1;CYS:1;GLY:1;LEU:1;LYS:1;PHE:1;PRO:1;SER:1;TYR:1;VAL:1,Q05086,UBE3A,A,3,2,1,0.6667,3,0,1.0,0,3,0.0,ARG:2;GLU:1,Q05086,UBE3A
1C4Z_DU.pdb,1C4Z_DU,1,Z/2,94.99,-1.46,85.9,8.0,15,2,4,0.3333,8,7,0.5333,3,12,0.2,GLU:3;VAL:3;PHE:2;ARG:1;ASP:1;GLN:1;GLY:1;LEU:1;LYS:1;TYR:1,C,12,1,4,0.2,7,5,0.5833,2,10,0.1667,GLU:3;VAL:3;ARG:1;ASP:1;GLN:1;GLY:1;PHE:1;TYR:1,Q05086,UBE3A,A,3,1,0,1.0,1,2,0.3333,1,2,0.3333,LEU:1;LYS:1;PHE:1,Q05086,UBE3A
1CA9_DU.pdb,1CA9_DU,0,Z/1,18.92,-0.84,-0.02,8.0,18,2,4,0.3333,13,5,0.7222,3,15,0.1667,GLU:4;MET:3;SER:3;TYR:3;ARG:2;ALA:1;THR:1;VAL:1,C,9,1,2,0.3333,6,3,0.6667,1,8,0.1111,GLU:2;ALA:1;ARG:1;MET:1;SER:1;THR:1;TYR:1;VAL:1,Q12933,TRAF2,B,5,1,1,0.5,4,1,0.8,1,4,0.2,ARG:1;GLU:1;MET:1;SER:1;TYR:1,Q12933,TRAF2
1CA9_DU.pdb,1CA9_DU,1,Z/2,47.52,4.24,-18.46,8.0,24,5,3,0.625,14,10,0.5833,0,24,0.0,GLN:3;GLU:3;ILE:3;LEU:3;LYS:3;SER:3;VAL:3;ARG:2;GLY:1,B,10,2,1,0.6667,6,4,0.6,0,10,0.0,GLN:2;ARG:1;GLU:1;GLY:1;ILE:1;LEU:1;LYS:1;SER:1;VAL:1,Q12933,TRAF2,A,7,1,1,0.5,4,3,0.5714,0,7,0.0,GLN:1;GLU:1;ILE:1;LEU:1;LYS:1;SER:1;VAL:1,Q12933,TRAF2
1FQV_DU.pdb,1FQV_DU,0,Z/1,27.87,-2.05,12.04,8.0,16,2,2,0.5,8,8,0.5,6,10,0.375,PHE:4;ARG:2;ASN:2;ASP:2;CYS:2;GLY:2;TRP:2,A,8,1,1,0.5,4,4,0.5,3,5,0.375,PHE:2;ARG:1;ASN:1;ASP:1;CYS:1;GLY:1;TRP:1,Q13309,SKP2,C,8,1,1,0.5,4,4,0.5,3,5,0.375,PHE:2;ARG:1;ASN:1;ASP:1;CYS:1;GLY:1;TRP:1,Q13309,SKP2
1FS1_DU.pdb,1FS1_DU,0,Z/1,8.07,26.73,47.81,8.0,23,4,4,0.5,12,11,0.5217,5,18,0.2174,ILE:4;VAL:3;ASP:2;GLU:2;HIS:2;LYS:2;PHE:2;CYS:1;GLN:1;LEU:1;SER:1;THR:1;TRP:1,B,16,4,2,0.6667,9,7,0.5625,4,12,0.25,HIS:2;ILE:2;LYS:2;VAL:2;ASP:1;CYS:1;GLN:1;GLU:1;LEU:1;PHE:1;THR:1;TRP:1,P63208,SKP1,D,7,0,2,0.0,3,4,0.4286,1,6,0.1429,ILE:2;ASP:1;GLU:1;PHE:1;SER:1;VAL:1,P63208,SKP1
1FS2_DU.pdb,1FS2_DU,0,Z/1,10.57,44.31,40.02,8.0,18,3,1,0.75,11,7,0.6111,3,15,0.1667,SER:3;ARG:2;ALA:1;ASN:1;ASP:1;CYS:1;GLY:1;ILE:1;LEU:1;LYS:1;PHE:1;PRO:1;THR:1;TRP:1;TYR:1,C,15,3,1,0.75,10,5,0.6667,2,13,0.1333,SER:3;ARG:2;ALA:1;ASP:1;CYS:1;GLY:1;ILE:1;LEU:1;LYS:1;THR:1;TRP:1;TYR:1,Q13309,SKP2,B,2,0,0,,1,1,0.5,0,2,0.0,ASN:1;PRO:1,P63208,SKP1
1FS2_DU.pdb,1FS2_DU,1,Z/2,20.07,41.14,52.26,8.0,22,4,4,0.5,16,6,0.7273,2,20,0.0909,ASP:4;SER:4;ARG:2;ASN:2;CYS:2;ILE:2;LEU:2;LYS:2;TRP:2,A,7,1,1,0.5,5,2,0.7143,1,6,0.1429,SER:2;ARG:1;ASP:1;CYS:1;LEU:1;TRP:1,Q13309,SKP2,C,7,1,1,0.5,5,2,0.7143,1,6,0.1429,SER:2;ARG:1;ASP:1;CYS:1;LEU:1;TRP:1,Q13309,SKP2
1FS2_DU.pdb,1FS2_DU,2,Z/3,21.51,53.89,60.2,8.0,16,3,2,0.6,11,5,0.6875,2,14,0.125,LEU:3;ARG:2;ASN:2;GLU:2;SER:2;TYR:2;ALA:1;LYS:1;PRO:1,A,6,3,0,1.0,5,1,0.8333,1,5,0.1667,ARG:2;LEU:1;LYS:1;SER:1;TYR:1,Q13309,SKP2,D,6,0,1,0.0,4,2,0.6667,1,5,0.1667,ASN:2;ALA:1;GLU:1;LEU:1;TYR:1,P63208,SKP1
1I4O_DU.pdb,1I4O_DU,0,Z/1,37.11,37.95,25.53,8.0,16,3,2,0.6,11,5,0.6875,2,14,0.125,VAL:3;ARG:2;ASN:2;CYS:2;GLU:2;PRO:2;TYR:2;LYS:1,A,8,1,1,0.5,5,3,0.625,1,7,0.125,VAL:2;ARG:1;ASN:1;CYS:1;GLU:1;PRO:1;TYR:1,P55210,CASP7,B,8,2,1,0.6667,6,2,0.75,1,7,0.125,ARG:1;ASN:1;CYS:1;GLU:1;LYS:1;PRO:1;TYR:1;VAL:1,P55210,CASP7
1I4O_DU.pdb,1I4O_DU,1,Z/2,51.03,33.7,15.48,8.0,21,2,3,0.4,11,10,0.5238,0,21,0.0,GLU:3;ILE:3;LEU:3;GLN:2;MET:2;THR:2;VAL:2;ARG:1;ASN:1;LYS:1;SER:1,A,11,1,1,0.5,5,6,0.4545,0,11,0.0,ILE:2;VAL:2;ARG:1;ASN:1;GLN:1;GLU:1;LEU:1;MET:1;THR:1,P55210,CASP7,B,10,1,2,0.3333,6,4,0.6,0,10,0.0,GLU:2;LEU:2;GLN:1;ILE:1;LYS:1;MET:1;SER:1;THR:1,P55210,CASP7
1I51_DU.pdb,1I51_DU,0,Z/1,52.19,13.26,4.99,8.0,15,2,2,0.5,10,5,0.6667,2,13,0.1333,VAL:3;ARG:2;ASN:2;CYS:2;GLU:2;PRO:2;TYR:2,B,5,0,0,,2,3,0.4,1,4,0.2,VAL:2;CYS:1;PRO:1;TYR:1,P55210,CASP7,D,4,0,0,,2,2,0.5,1,3,0.25,CYS:1;PRO:1;TYR:1;VAL:1,P55210,CASP7
1J7D_DU.pdb,1J7D_DU,0,Z/1,30.47,15.21,26.91,8.0,12,4,2,0.6667,6,6,0.5,1,11,0.0833,ARG:2;GLU:2;LEU:2;LYS:2;ILE:1;PHE:1;PRO:1;VAL:1,B,8,4,0,1.0,4,4,0.5,0,8,0.0,ARG:2;LYS:2;ILE:1;LEU:1;PRO:1;VAL:1,P61088,UBE2N,A,4,0,2,0.0,2,2,0.5,1,3,0.25,GLU:2;LEU:1;PHE:1,Q15819,UBE2V2
1J7D_DU.pdb,1J7D_DU,1,Z/2,14.82,14.26,32.22,8.0,16,3,2,0.6,10,6,0.625,3,13,0.1875,ARG:2;ASN:2;PRO:2;TYR:2;VAL:2;ASP:1;GLU:1;GLY:1;LYS:1;PHE:1;SER:1,A,11,3,1,0.75,6,5,0.5455,1,10,0.0909,ARG:2;PRO:2;VAL:2;ASN:1;GLU:1;GLY:1;LYS:1;TYR:1,Q15819,UBE2V2,B,5,0,1,0.0,4,1,0.8,2,3,0.4,ASN:1;ASP:1;PHE:1;SER:1;TYR:1,P61088,UBE2N
1KMC_DU.pdb,1KMC_DU,0,Z/1,4.54,65.03,52.6,8.0,15,2,2,0.5,8,7,0.5333,3,12,0.2,PHE:2;VAL:2;ARG:1;ASN:1;ASP:1;CYS:1;GLU:1;ILE:1;LYS:1;MET:1;PRO:1;THR:1;TYR:1,A,12,2,2,0.5,7,5,0.5833,3,9,0.25,PHE:2;ARG:1;ASN:1;ASP:1;GLU:1;ILE:1;LYS:1;MET:1;THR:1;TYR:1;VAL:1,P55210,CASP7,B,3,0,0,,1,2,0.3333,0,3,0.0,CYS:1;PRO:1;VAL:1,P55210,CASP7
1KMC_DU.pdb,1KMC_DU,1,Z/2,13.73,50.02,46.8,8.0,19,0,4,0.0,10,9,0.5263,0,19,0.0,GLU:4;ILE:4;GLN:2;LEU:2;MET:2;SER:2;THR:2;VAL:1,B,11,0,2,0.0,5,6,0.4545,0,11,0.0,GLU:2;ILE:2;LEU:2;GLN:1;MET:1;SER:1;THR:1;VAL:1,P55210,CASP7,A,8,0,2,0.0,5,3,0.625,0,8,0.0,GLU:2;ILE:2;GLN:1;MET:1;SER:1;THR:1,P55210,CASP7
1KMC_DU.pdb,1KMC_DU,2,Z/3,11.25,60.4,61.97,8.0,17,2,2,0.5,7,10,0.4118,3,14,0.1765,ILE:2;PHE:2;PRO:2;VAL:2;ALA:1;ARG:1;ASN:1;ASP:1;GLU:1;LYS:1;MET:1;THR:1;TYR:1,B,15,2,2,0.5,7,8,0.4667,3,12,0.2,ILE:2;PHE:2;ALA:1;ARG:1;ASN:1;ASP:1;GLU:1;LYS:1;MET:1;PRO:1;THR:1;TYR:1;VAL:1,P55210,CASP7,A,2,0,0,,0,2,0.0,0,2,0.0,PRO:1;VAL:1,P55210,CASP7
1L0A_DU.pdb,1L0A_DU,0,Z/1,-15.67,30.67,15.61,8.0,14,1,2,0.3333,6,8,0.4286,2,12,0.1429,GLU:2;ILE:2;MET:2;ALA:1;ARG:1;ASN:1;CYS:1;GLY:1;PHE:1;TYR:1;VAL:1,A,13,1,1,0.5,5,8,0.3846,2,11,0.1538,ILE:2;MET:2;ALA:1;ARG:1;ASN:1;CYS:1;GLU:1;GLY:1;PHE:1;TYR:1;VAL:1,Q13114,TRAF3,B,1,0,1,0.0,1,0,1.0,0,1,0.0,GLU:1,Q92844,TANK
1VCB_DU.pdb,1VCB_DU,0,Z/1,10.82,52.72,71.41,8.0,18,3,1,0.75,7,11,0.3889,3,15,0.1667,ARG:3;PHE:3;ALA:2;GLY:2;LEU:2;THR:2;ASN:1;GLU:1;ILE:1;MET:1,K,11,1,1,0.5,4,7,0.3636,2,9,0.1818,ALA:2;PHE:2;ARG:1;ASN:1;GLU:1;ILE:1;LEU:1;MET:1;THR:1,Q15369,ELOC,C,7,2,0,1.0,3,4,0.4286,1,6,0.1429,ARG:2;GLY:2;LEU:1;PHE:1;THR:1,P40337,VHL
1WRD_DU.pdb,1WRD_DU,0,Z/1,109.86,41.14,18.47,8.0,19,3,3,0.5,7,12,0.3684,0,19,0.0,LEU:6;ARG:2;GLU:2;ALA:1;ASP:1;GLN:1;GLY:1;ILE:1;LYS:1;MET:1;PRO:1;VAL:1,A,10,0,3,0.0,3,7,0.3,0,10,0.0,LEU:4;GLU:2;ALA:1;ASP:1;MET:1;PRO:1,O60784,TOM1,B,9,3,0,1.0,4,5,0.4444,0,9,0.0,ARG:2;LEU:2;GLN:1;GLY:1;ILE:1;LYS:1;VAL:1,P0CH28,UBC
1XT9_DU.pdb,1XT9_DU,0,Z/1,42.18,12.52,-3.03,8.0,27,3,5,0.375,14,13,0.5185,5,22,0.1852,ASP:3;ILE:3;LEU:3;GLU:2;MET:2;PHE:2;SER:2;TYR:2;ARG:1;ASN:1;GLN:1;GLY:1;HIS:1;LYS:1;PRO:1;VAL:1,A,18,1,4,0.2,8,10,0.4444,4,14,0.2222,ASP:2;GLU:2;ILE:2;LEU:2;PHE:2;SER:2;GLY:1;HIS:1;MET:1;PRO:1;TYR:1;VAL:1,Q96LD8,SENP8,B,9,2,1,0.6667,6,3,0.6667,1,8,0.1111,ARG:1;ASN:1;ASP:1;GLN:1;ILE:1;LEU:1;LYS:1;MET:1;TYR:1,Q15843,NEDD8
2AK5_DU.pdb,2AK5_DU,0,Z/1,13.01,30.62,20.26,8.0,23,3,4,0.4286,16,7,0.6957,2,21,0.087,ASN:3;GLU:3;ARG:2;GLN:2;GLY:2;LEU:2;SER:2;THR:2;VAL:2;ASP:1;HIS:1;TRP:1,A,13,2,3,0.4,10,3,0.7692,1,12,0.0769,ASN:2;GLU:2;GLY:2;ARG:1;ASP:1;GLN:1;HIS:1;LEU:1;SER:1;THR:1,O55043,Arhgef7,B,10,1,1,0.5,6,4,0.6,1,9,0.1,VAL:2;ARG:1;ASN:1;GLN:1;GLU:1;LEU:1;SER:1;THR:1;TRP:1,O55043,Arhgef7
2BF8_DU.pdb,2BF8_DU,0,Z/1,17.08,39.18,71.85,8.0,14,0,2,0.0,10,4,0.7143,2,12,0.1429,GLN:4;TYR:2;VAL:2;ASN:1;ASP:1;GLU:1;GLY:1;LEU:1;SER:1,B,12,0,2,0.0,8,4,0.6667,2,10,0.1667,GLN:3;TYR:2;VAL:2;ASP:1;GLU:1;GLY:1;LEU:1;SER:1,P63165,SUMO1,A,2,0,0,,2,0,1.0,0,2,0.0,ASN:1;GLN:1,P61085,UBE2K
2BKR_DU.pdb,2BKR_DU,0,Z/1,15.98,-6.71,31.3,8.0,19,4,5,0.4444,14,5,0.7368,1,18,0.0526,ASP:4;GLN:3;ARG:2;LEU:2;ALA:1;ASN:1;GLU:1;HIS:1;LYS:1;MET:1;PRO:1;SER:1,B,10,2,1,0.6667,6,4,0.6,0,10,0.0,GLN:3;ALA:1;ARG:1;ASP:1;LEU:1;LYS:1;MET:1;PRO:1,Q15843,NEDD8,A,9,2,4,0.3333,8,1,0.8889,1,8,0.1111,ASP:3;ARG:1;ASN:1;GLU:1;HIS:1;LEU:1;SER:1,Q96LD8,SENP8
2D3G_DU.pdb,2D3G_DU,0,Z/1,15.61,15.75,75.41,8.0,15,3,1,0.75,7,8,0.4667,1,14,0.0667,LEU:4;GLY:2;LYS:2;THR:2;ALA:1;GLN:1;GLU:1;HIS:1;VAL:1,A,9,3,0,1.0,5,4,0.5556,1,8,0.1111,LEU:2;LYS:2;THR:2;GLY:1;HIS:1;VAL:1,P0CH28,UBC,P,4,0,1,0.0,1,3,0.25,0,4,0.0,LEU:2;ALA:1;GLU:1,O14964,HGS
2E31_DU.pdb,2E31_DU,0,Z/1,26.05,-20.67,8.42,8.0,18,5,3,0.625,10,8,0.5556,1,17,0.0556,LYS:4;ALA:3;LEU:3;GLU:2;ARG:1;ASP:1;GLN:1;PRO:1;TYR:1;VAL:1,A,14,3,2,0.6,7,7,0.5,1,13,0.0714,LEU:3;ALA:2;GLU:2;LYS:2;ARG:1;GLN:1;PRO:1;TYR:1;VAL:1,Q80UW2,Fbxo2,B,4,2,1,0.6667,3,1,0.75,0,4,0.0,LYS:2;ALA:1;ASP:1,P63208,SKP1
2FLU_DU.pdb,2FLU_DU,0,Z/1,14.18,16.07,5.69,8.0,26,1,0,1.0,2,24,0.0769,0,26,0.0,GLY:10;VAL:6;ALA:3;ILE:3;LEU:2;ARG:1;ASN:1,X,26,1,0,1.0,2,24,0.0769,0,26,0.0,GLY:10;VAL:6;ALA:3;ILE:3;LEU:2;ARG:1;ASN:1,Q14145,KEAP1,,,,,,,,,,,,,,
2GMI_DU.pdb,2GMI_DU,0,Z/1,23.37,29.24,-0.57,8.0,13,4,0,1.0,7,6,0.5385,1,12,0.0769,LEU:3;THR:3;ARG:2;LYS:2;GLY:1;ILE:1;PHE:1,C,9,2,0,1.0,4,5,0.4444,0,9,0.0,LEU:3;ARG:2;THR:2;GLY:1;ILE:1,P0CG48,UBC,A,2,1,0,1.0,2,0,1.0,0,2,0.0,LYS:1;THR:1,P52490,UBC13
2GMI_DU.pdb,2GMI_DU,1,Z/2,25.87,33.96,6.45,8.0,13,4,2,0.6667,8,5,0.6154,0,13,0.0,LYS:3;GLU:2;THR:2;ALA:1;ARG:1;ILE:1;LEU:1;PRO:1;VAL:1,A,9,2,1,0.6667,4,5,0.4444,0,9,0.0,LYS:2;ALA:1;GLU:1;ILE:1;LEU:1;PRO:1;THR:1;VAL:1,P52490,UBC13,C,3,2,0,1.0,3,0,1.0,0,3,0.0,ARG:1;LYS:1;THR:1,P0CG48,UBC
2GMI_DU.pdb,2GMI_DU,2,Z/3,11.29,44.36,8.16,8.0,15,3,3,0.5,7,8,0.4667,1,14,0.0667,ASP:3;ARG:2;ILE:2;LEU:2;ALA:1;GLY:1;LYS:1;SER:1;TRP:1;VAL:1,A,13,3,2,0.6,5,8,0.3846,1,12,0.0769,ARG:2;ASP:2;ILE:2;LEU:2;ALA:1;GLY:1;LYS:1;TRP:1;VAL:1,P52490,UBC13,B,2,0,1,0.0,2,0,1.0,0,2,0.0,ASP:1;SER:1,P53152,MMS2
2GWF_DU.pdb,2GWF_DU,0,Z/1,5.39,22.7,82.75,8.0,17,4,2,0.6667,12,5,0.7059,2,15,0.1176,GLN:4;ARG:2;GLU:2;GLY:2;HIS:2;THR:2;VAL:2;ALA:1,B,8,2,1,0.6667,5,3,0.625,1,7,0.125,ALA:1;ARG:1;GLN:1;GLU:1;GLY:1;HIS:1;THR:1;VAL:1,Q9H4P4,RNF41,F,7,2,1,0.6667,5,2,0.7143,1,6,0.1429,ARG:1;GLN:1;GLU:1;GLY:1;HIS:1;THR:1;VAL:1,Q9H4P4,RNF41
2GWF_DU.pdb,2GWF_DU,1,Z/2,-11.16,32.81,83.48,8.0,15,2,0,1.0,11,4,0.7333,4,11,0.2667,THR:4;GLN:2;HIS:2;LEU:2;TYR:2;ILE:1;MET:1;SER:1,A,9,1,0,1.0,6,3,0.6667,2,7,0.2222,THR:2;GLN:1;HIS:1;ILE:1;LEU:1;MET:1;SER:1;TYR:1,P40818,USP8,E,6,1,0,1.0,5,1,0.8333,2,4,0.3333,THR:2;GLN:1;HIS:1;LEU:1;TYR:1,P40818,USP8
2HTH_DU.pdb,2HTH_DU,0,Z/1,5.54,-40.17,-20.46,8.0,15,4,1,0.8,9,6,0.6,3,12,0.2,HIS:2;LEU:2;ARG:1;ASN:1;ASP:1;GLN:1;GLY:1;ILE:1;LYS:1;PRO:1;SER:1;TYR:1;VAL:1,B,14,4,1,0.8,9,5,0.6429,3,11,0.2143,HIS:2;ARG:1;ASN:1;ASP:1;GLN:1;GLY:1;ILE:1;LEU:1;LYS:1;PRO:1;SER:1;TYR:1;VAL:1,Q86VN1,VPS36,A,1,0,0,,0,1,0.0,0,1,0.0,LEU:1,P0CG48,UBC
2O25_DU.pdb,2O25_DU,0,Z/1,-8.81,-16.38,13.77,8.0,16,3,5,0.375,12,4,0.75,1,15,0.0625,GLU:4;GLN:2;LEU:2;LYS:2;ARG:1;ASP:1;SER:1;THR:1;TRP:1;VAL:1,B,10,2,3,0.4,7,3,0.7,1,9,0.1,GLU:2;LYS:2;ASP:1;LEU:1;SER:1;THR:1;TRP:1;VAL:1,P61086,UBE2K,A,6,1,2,0.3333,5,1,0.8333,0,6,0.0,GLN:2;GLU:2;ARG:1;LEU:1,P61086,UBE2K
2OOB_DU.pdb,2OOB_DU,0,Z/1,10.94,4.85,20.74,8.0,22,5,1,0.8333,10,12,0.4545,2,20,0.0909,LEU:5;ALA:2;ARG:2;ILE:2;LYS:2;THR:2;GLN:1;GLU:1;GLY:1;HIS:1;MET:1;TYR:1;VAL:1,B,13,4,0,1.0,7,6,0.5385,1,12,0.0769,LEU:4;ARG:2;THR:2;GLN:1;HIS:1;ILE:1;LYS:1;VAL:1,P0CH28,UBC,A,9,1,1,0.5,3,6,0.3333,1,8,0.1111,ALA:2;GLU:1;GLY:1;ILE:1;LEU:1;LYS:1;MET:1;TYR:1,Q13191,CBLB
2OT3_DU.pdb,2OT3_DU,0,Z/1,-2.02,25.03,-19.04,8.0,15,2,1,0.6667,6,9,0.4,2,13,0.1333,ILE:3;THR:2;ARG:1;ASP:1;CYS:1;GLY:1;LEU:1;LYS:1;MET:1;PHE:1;PRO:1;TRP:1,A,10,0,0,,3,7,0.3,1,9,0.1,ILE:2;THR:2;CYS:1;GLY:1;LEU:1;MET:1;PHE:1;PRO:1,Q9UJ41,RABGEF1,B,5,2,1,0.6667,3,2,0.6,1,4,0.2,ARG:1;ASP:1;ILE:1;LYS:1;TRP:1,Q9UL25,RAB21
2Z5S_DU.pdb,2Z5S_DU,0,Z/1,6.83,1.51,37.14,8.0,19,2,1,0.6667,7,12,0.3684,5,14,0.2632,MET:5;ALA:2;GLN:2;GLY:2;HIS:2;TYR:2;GLU:1;ILE:1;LEU:1;TRP:1,N,13,1,1,0.5,5,8,0.3846,3,10,0.2308,MET:3;GLY:2;TYR:2;ALA:1;GLN:1;GLU:1;HIS:1;ILE:1;LEU:1,Q7ZUW7,mdm4,M,5,1,0,1.0,2,3,0.4,1,4,0.2,MET:2;ALA:1;GLN:1;HIS:1,Q7ZUW7,mdm4
2Z5T_DU.pdb,2Z5T_DU,0,Z/1,11.7,4.81,20.04,8.0,11,2,3,0.4,7,4,0.6364,3,8,0.2727,GLU:3;VAL:2;HIS:1;LYS:1;MET:1;PHE:1;THR:1;TYR:1,N,9,2,1,0.6667,5,4,0.5556,3,6,0.3333,VAL:2;GLU:1;HIS:1;LYS:1;MET:1;PHE:1;THR:1;TYR:1,Q7ZUW7,mdm4,O,2,0,2,0.0,2,0,1.0,0,2,0.0,GLU:2,Q7ZUW7,mdm4
3A1Q_DU.pdb,3A1Q_DU,0,Z/1,3.3,-25.47,-9.53,8.0,18,2,1,0.6667,12,6,0.6667,2,16,0.1111,SER:3;THR:3;ILE:2;LYS:2;ALA:1;ASN:1;GLN:1;GLU:1;GLY:1;LEU:1;PHE:1;TYR:1,E,11,1,0,1.0,6,5,0.5455,2,9,0.1818,ILE:2;ALA:1;ASN:1;GLN:1;GLY:1;LYS:1;PHE:1;SER:1;THR:1;TYR:1,P0CG50,Ubc,B,4,1,1,0.5,4,0,1.0,0,4,0.0,THR:2;GLU:1;LYS:1,P0CG50,Ubc
3DAB_DU.pdb,3DAB_DU,0,Z/1,5.53,-3.3,25.37,8.0,19,1,2,0.3333,7,12,0.3684,1,18,0.0526,LEU:5;GLN:2;GLY:2;MET:2;ARG:1;ASN:1;ASP:1;GLU:1;ILE:1;PRO:1;TYR:1;VAL:1,G,14,1,2,0.3333,4,10,0.2857,0,14,0.0,LEU:5;GLY:2;ARG:1;ASN:1;ASP:1;GLU:1;ILE:1;MET:1;PRO:1,O15151,MDM4,E,5,0,0,,3,2,0.6,1,4,0.2,GLN:2;MET:1;TYR:1;VAL:1,O15151,MDM4
3DAC_DU.pdb,3DAC_DU,0,Z/1,18.65,0.72,11.39,8.0,19,3,0,1.0,9,10,0.4737,6,13,0.3158,MET:4;TYR:3;GLN:2;GLY:2;HIS:2;ILE:2;ALA:1;LYS:1;PHE:1;SER:1,M,10,2,0,1.0,5,5,0.5,3,7,0.3,MET:2;TYR:2;ALA:1;GLN:1;GLY:1;HIS:1;ILE:1;LYS:1,Q7ZUW7,mdm4,A,7,1,0,1.0,3,4,0.4286,2,5,0.2857,MET:2;GLN:1;GLY:1;HIS:1;ILE:1;TYR:1,Q7ZUW7,mdm4
3DCG_DU.pdb,3DCG_DU,0,Z/1,17.62,-2.5,3.45,8.0,21,2,3,0.4,11,10,0.5238,2,19,0.0952,ASP:3;THR:3;ALA:2;LYS:2;VAL:2;CYS:1;GLN:1;GLY:1;ILE:1;LEU:1;MET:1;PHE:1;PRO:1;TYR:1,C,13,1,2,0.3333,7,6,0.5385,2,11,0.1538,ASP:2;ALA:1;CYS:1;GLN:1;GLY:1;ILE:1;LEU:1;LYS:1;PHE:1;THR:1;TYR:1;VAL:1,Q15370,ELOB,A,8,1,1,0.5,4,4,0.5,0,8,0.0,THR:2;ALA:1;ASP:1;LYS:1;MET:1;PRO:1;VAL:1,Q15370,ELOB
3DVG_DU.pdb,3DVG_DU,0,Z/1,-1.01,26.29,14.42,8.0,16,3,2,0.6,10,6,0.625,2,14,0.125,GLN:2;GLU:2;LYS:2;PRO:2;THR:2;ALA:1;ARG:1;GLY:1;PHE:1;TYR:1;VAL:1,A,16,3,2,0.6,10,6,0.625,2,14,0.125,GLN:2;GLU:2;LYS:2;PRO:2;THR:2;ALA:1;ARG:1;GLY:1;PHE:1;TYR:1;VAL:1,P01834,IGKC,,,,,,,,,,,,,,
3DVG_DU.pdb,3DVG_DU,1,Z/2,3.54,42.22,8.09,8.0,15,2,2,0.5,8,7,0.5333,2,13,0.1333,ALA:2;GLN:2;GLU:2;ARG:1;GLY:1;LEU:1;LYS:1;PHE:1;SER:1;THR:1;TRP:1;VAL:1,B,12,2,2,0.5,6,6,0.5,1,11,0.0833,ALA:2;GLU:2;ARG:1;GLN:1;GLY:1;LEU:1;LYS:1;SER:1;TRP:1;VAL:1,,,A,3,0,0,,2,1,0.6667,1,2,0.3333,GLN:1;PHE:1;THR:1,P01834,IGKC
3DVG_DU.pdb,3DVG_DU,2,Z/3,-30.54,18.18,4.8,8.0,18,1,3,0.25,8,10,0.4444,3,15,0.1667,PRO:5;GLU:2;LEU:2;PHE:2;SER:2;ALA:1;ASP:1;GLN:1;LYS:1;TYR:1,A,11,0,2,0.0,6,5,0.5455,3,8,0.2727,PHE:2;PRO:2;SER:2;ASP:1;GLN:1;GLU:1;LEU:1;TYR:1,P01834,IGKC,B,7,1,1,0.5,2,5,0.2857,0,7,0.0,PRO:3;ALA:1;GLU:1;LEU:1;LYS:1,,
3F2O_DU.pdb,3F2O_DU,0,Z/1,-5.3,7.58,42.02,8.0,24,4,3,0.5714,12,12,0.5,6,18,0.25,VAL:4;HIS:3;ASN:2;ASP:2;GLY:2;PHE:2;PRO:2;ARG:1;CYS:1;GLN:1;GLU:1;ILE:1;SER:1;TRP:1,A,11,4,1,0.8,6,5,0.5455,5,6,0.4545,HIS:3;ARG:1;CYS:1;GLU:1;GLY:1;PHE:1;PRO:1;TRP:1;VAL:1,Q96BD6,SPSB1,B,10,0,2,0.0,4,6,0.4,1,9,0.1,ASP:2;VAL:2;GLN:1;GLY:1;ILE:1;PHE:1;PRO:1;SER:1,Q96BD6,SPSB1
3FSH_DU.pdb,3FSH_DU,0,Z/1,-25.9,3.09,-7.08,8.0,22,3,3,0.5,10,12,0.4545,5,17,0.2273,PRO:3;ALA:2;ASP:2;GLY:2;HIS:2;SER:2;ARG:1;ASN:1;GLU:1;ILE:1;LEU:1;MET:1;PHE:1;TRP:1;TYR:1,B,12,1,3,0.25,6,6,0.5,3,9,0.25,ASP:2;ALA:1;ASN:1;GLU:1;GLY:1;HIS:1;ILE:1;MET:1;PHE:1;PRO:1;TYR:1,P60605,Ube2g2,A,10,2,0,1.0,4,6,0.4,2,8,0.2,PRO:2;SER:2;ALA:1;ARG:1;GLY:1;HIS:1;LEU:1;TRP:1,P60605,Ube2g2
3G5Y_DU.pdb,3G5Y_DU,0,Z/1,-15.86,-1.82,-35.43,8.0,19,1,0,1.0,9,10,0.4737,3,16,0.1579,VAL:5;SER:3;THR:3;ASN:2;LEU:2;PHE:2;GLY:1;HIS:1,B,11,1,0,1.0,5,6,0.4545,1,10,0.0909,VAL:4;SER:2;THR:2;GLY:1;HIS:1;LEU:1,,,A,8,0,0,,4,4,0.5,2,6,0.25,ASN:2;PHE:2;LEU:1;SER:1;THR:1;VAL:1,,
3G5Y_DU.pdb,3G5Y_DU,1,Z/2,-31.32,12.01,-33.09,8.0,20,1,0,1.0,10,10,0.5,3,17,0.15,LEU:5;THR:3;TYR:3;VAL:3;GLN:2;GLY:2;LYS:1;SER:1,B,12,1,0,1.0,6,6,0.5,3,9,0.25,LEU:3;TYR:3;VAL:2;GLN:1;GLY:1;LYS:1;THR:1,,,A,8,0,0,,4,4,0.5,0,8,0.0,LEU:2;THR:2;GLN:1;GLY:1;SER:1;VAL:1,,
3GCG_DU.pdb,3GCG_DU,0,Z/1,21.18,35.62,58.2,8.0,27,3,2,0.6,16,11,0.5926,6,21,0.2222,GLN:4;PHE:4;LEU:3;SER:3;ASP:2;ILE:2;THR:2;ALA:1;ARG:1;ASN:1;GLY:1;HIS:1;LYS:1;TYR:1,B,15,2,0,1.0,8,7,0.5333,3,12,0.2,GLN:3;ILE:2;PHE:2;SER:2;ALA:1;ARG:1;GLY:1;HIS:1;LEU:1;THR:1,Q9R8E4,,A,12,1,2,0.3333,8,4,0.6667,3,9,0.25,ASP:2;LEU:2;PHE:2;ASN:1;GLN:1;LYS:1;SER:1;THR:1;TYR:1,P60953,CDC42
3I7H_DU.pdb,3I7H_DU,0,Z/1,8.23,34.67,35.91,8.0,16,3,1,0.75,10,6,0.625,3,13,0.1875,LEU:3;SER:2;TYR:2;ALA:1;ARG:1;ASN:1;ASP:1;HIS:1;LYS:1;PRO:1;THR:1;VAL:1,A,12,2,1,0.6667,8,4,0.6667,2,10,0.1667,LEU:2;SER:2;TYR:2;ALA:1;ARG:1;ASN:1;ASP:1;LYS:1;VAL:1,Q16531,DDB1,B,4,1,0,1.0,2,2,0.5,1,3,0.25,HIS:1;LEU:1;PRO:1;THR:1,Q80IU5,X
3I7H_DU.pdb,3I7H_DU,1,Z/2,4.56,46.77,45.34,8.0,21,5,6,0.4545,14,7,0.6667,3,18,0.1429,GLU:6;ARG:3;ILE:2;LEU:2;SER:2;ALA:1;HIS:1;LYS:1;PHE:1;TYR:1;VAL:1,A,19,4,6,0.4,13,6,0.6842,2,17,0.1053,GLU:6;ARG:3;ILE:2;SER:2;ALA:1;LEU:1;LYS:1;PHE:1;TYR:1;VAL:1,Q16531,DDB1,B,2,1,0,1.0,1,1,0.5,1,1,0.5,HIS:1;LEU:1,Q80IU5,X
3I7K_DU.pdb,3I7K_DU,0,Z/1,4.49,48.16,46.41,8.0,19,3,6,0.3333,12,7,0.6316,2,17,0.1053,GLU:6;ARG:2;ILE:2;SER:2;ALA:1;LEU:1;LYS:1;MET:1;PHE:1;TYR:1;VAL:1,A,19,3,6,0.3333,12,7,0.6316,2,17,0.1053,GLU:6;ARG:2;ILE:2;SER:2;ALA:1;LEU:1;LYS:1;MET:1;PHE:1;TYR:1;VAL:1,Q16531,DDB1,,,,,,,,,,,,,,
3I7L_DU.pdb,3I7L_DU,0,Z/1,8.17,38.73,41.59,8.0,21,6,1,0.8571,12,9,0.5714,5,16,0.2381,HIS:3;LEU:3;ALA:2;ARG:2;SER:2;VAL:2;GLN:1;GLU:1;LYS:1;PHE:1;PRO:1;THR:1;TYR:1,A,12,2,1,0.6667,6,6,0.5,3,9,0.25,ALA:2;SER:2;ARG:1;GLU:1;HIS:1;LEU:1;PHE:1;PRO:1;TYR:1;VAL:1,Q16531,DDB1,B,9,4,0,1.0,6,3,0.6667,2,7,0.2222,HIS:2;LEU:2;ARG:1;GLN:1;LYS:1;THR:1;VAL:1,Q92466,DDB2
3I7O_DU.pdb,3I7O_DU,0,Z/1,8.36,32.85,34.26,8.0,16,2,1,0.6667,10,6,0.625,2,14,0.125,SER:4;VAL:3;LEU:2;TYR:2;ALA:1;ARG:1;ASN:1;ASP:1;LYS:1,A,14,2,1,0.6667,9,5,0.6429,2,12,0.1429,SER:3;LEU:2;TYR:2;VAL:2;ALA:1;ARG:1;ASN:1;ASP:1;LYS:1,Q16531,DDB1,B,2,0,0,,1,1,0.5,0,2,0.0,SER:1;VAL:1,Q58WW2,DCAF6
3I7O_DU.pdb,3I7O_DU,1,Z/2,4.14,45.54,44.71,8.0,21,4,4,0.5,11,10,0.5238,2,19,0.0952,GLU:4;ARG:3;GLY:2;ILE:2;SER:2;VAL:2;ALA:1;LYS:1;MET:1;PHE:1;PRO:1;TYR:1,A,21,4,4,0.5,11,10,0.5238,2,19,0.0952,GLU:4;ARG:3;GLY:2;ILE:2;SER:2;VAL:2;ALA:1;LYS:1;MET:1;PHE:1;PRO:1;TYR:1,Q16531,DDB1,,,,,,,,,,,,,,
3I8C_DU.pdb,3I8C_DU,0,Z/1,-24.42,28.78,-40.37,8.0,19,5,1,0.8333,12,7,0.6316,1,18,0.0526,SER:5;LEU:3;ARG:2;LYS:2;ALA:1;GLN:1;GLU:1;HIS:1;MET:1;PRO:1;VAL:1,A,10,3,1,0.75,6,4,0.6,1,9,0.1,SER:2;ALA:1;ARG:1;GLU:1;HIS:1;LEU:1;LYS:1;PRO:1;VAL:1,Q16531,DDB1,B,9,2,0,1.0,6,3,0.6667,0,9,0.0,SER:3;LEU:2;ARG:1;GLN:1;LYS:1;MET:1,Q8WV16,DCAF4
3JSV_DU.pdb,3JSV_DU,0,Z/1,23.91,-4.53,68.12,8.0,15,4,3,0.5714,9,6,0.6,0,15,0.0,LYS:3;GLU:2;VAL:2;ALA:1;ARG:1;ASP:1;GLN:1;LEU:1;MET:1;PRO:1;SER:1,B,7,0,3,0.0,4,3,0.5714,0,7,0.0,GLU:2;ASP:1;MET:1;PRO:1;SER:1;VAL:1,P0CG48,UBC,C,4,2,0,1.0,2,2,0.5,0,4,0.0,LYS:2;ALA:1;LEU:1,O88522,Ikbkg
3JSV_DU.pdb,3JSV_DU,1,Z/2,5.17,4.21,47.62,8.0,13,2,0,1.0,6,7,0.4615,1,12,0.0769,LEU:4;LYS:2;THR:2;VAL:2;GLN:1;GLY:1;TYR:1,A,8,1,0,1.0,3,5,0.375,0,8,0.0,LEU:3;THR:2;GLY:1;LYS:1;VAL:1,P0CG48,UBC,C,4,0,0,,2,2,0.5,1,3,0.25,GLN:1;LEU:1;TYR:1;VAL:1,O88522,Ikbkg
3K9O_DU.pdb,3K9O_DU,0,Z/1,3.36,-24.53,-22.78,8.0,14,1,1,0.5,6,8,0.4286,0,14,0.0,VAL:3;ALA:2;ASN:2;LEU:2;SER:2;ARG:1;ASP:1;ILE:1,A,14,1,1,0.5,6,8,0.4286,0,14,0.0,VAL:3;ALA:2;ASN:2;LEU:2;SER:2;ARG:1;ASP:1;ILE:1,P61086,UBE2K,,,,,,,,,,,,,,
3K9O_DU.pdb,3K9O_DU,1,Z/2,-4.89,-38.37,-34.11,8.0,16,4,1,0.8,8,8,0.5,1,15,0.0625,LEU:3;THR:3;VAL:3;LYS:2;ARG:1;GLU:1;GLY:1;HIS:1;MET:1,B,12,4,0,1.0,6,6,0.5,1,11,0.0833,LEU:3;LYS:2;THR:2;VAL:2;ARG:1;GLY:1;HIS:1,P0CG48,UBC,A,4,0,1,0.0,2,2,0.5,0,4,0.0,GLU:1;MET:1;THR:1;VAL:1,P61086,UBE2K
3K9P_DU.pdb,3K9P_DU,0,Z/1,-8.61,17.12,38.55,8.0,16,4,0,1.0,7,9,0.4375,1,15,0.0625,LEU:4;ILE:2;LYS:2;THR:2;VAL:2;ARG:1;GLN:1;GLY:1;HIS:1,B,16,4,0,1.0,7,9,0.4375,1,15,0.0625,LEU:4;ILE:2;LYS:2;THR:2;VAL:2;ARG:1;GLN:1;GLY:1;HIS:1,P62979,RPS27A,,,,,,,,,,,,,,
3L0W_DU.pdb,3L0W_DU,0,Z/1,-17.07,30.82,-3.85,8.0,16,3,1,0.75,7,9,0.4375,0,16,0.0,LEU:6;ARG:2;THR:2;GLU:1;GLY:1;ILE:1;LYS:1;SER:1;VAL:1,B,14,3,1,0.75,6,8,0.4286,0,14,0.0,LEU:5;ARG:2;THR:2;GLU:1;GLY:1;ILE:1;LYS:1;VAL:1,P15873,POL30,A,2,0,0,,1,1,0.5,0,2,0.0,LEU:1;SER:1,P15873,POL30
3L2O_DU.pdb,3L2O_DU,0,Z/1,100.24,35.04,47.47,8.0,18,2,3,0.4,7,11,0.3889,2,16,0.1111,GLY:4;ASP:3;LEU:2;PRO:2;GLN:1;HIS:1;ILE:1;LYS:1;SER:1;TRP:1;VAL:1,A,18,2,3,0.4,7,11,0.3889,2,16,0.1111,GLY:4;ASP:3;LEU:2;PRO:2;GLN:1;HIS:1;ILE:1;LYS:1;SER:1;TRP:1;VAL:1,P63208,SKP1,,,,,,,,,,,,,,
3LDZ_DU.pdb,3LDZ_DU,0,Z/1,-6.15,5.97,45.65,8.0,11,6,3,0.6667,9,2,0.8182,2,9,0.1818,LYS:4;ASP:2;HIS:2;PRO:2;GLU:1,B,5,2,2,0.5,4,1,0.8,1,4,0.2,ASP:1;GLU:1;HIS:1;LYS:1;PRO:1,Q92783,STAM,A,4,2,1,0.6667,3,1,0.75,1,3,0.25,ASP:1;HIS:1;LYS:1;PRO:1,Q92783,STAM
3M7F_DU.pdb,3M7F_DU,0,Z/1,8.92,1.03,-4.57,8.0,17,2,3,0.4,10,7,0.5882,3,14,0.1765,GLN:3;LEU:3;ASP:2;ARG:1;ASN:1;GLU:1;HIS:1;ILE:1;PHE:1;THR:1;TRP:1;VAL:1,A,11,0,2,0.0,5,6,0.4545,2,9,0.1818,GLN:3;ASP:2;LEU:2;ILE:1;PHE:1;TRP:1;VAL:1,Q60760,Grb10,B,6,2,1,0.6667,5,1,0.8333,1,5,0.1667,ARG:1;ASN:1;GLU:1;HIS:1;LEU:1;THR:1,P46935,Nedd4
3OLM_DU.pdb,3OLM_DU,0,Z/1,-9.15,22.86,-12.65,8.0,17,3,5,0.375,12,5,0.7059,2,15,0.1176,ARG:3;ASP:3;ASN:2;GLU:2;ALA:1;GLN:1;ILE:1;PRO:1;TRP:1;TYR:1;VAL:1,A,17,3,5,0.375,12,5,0.7059,2,15,0.1176,ARG:3;ASP:3;ASN:2;GLU:2;ALA:1;GLN:1;ILE:1;PRO:1;TRP:1;TYR:1;VAL:1,P39940,RSP5,,,,,,,,,,,,,,
3PLU_DU.pdb,3PLU_DU,0,Z/1,-9.82,7.94,3.93,8.0,19,2,4,0.3333,11,8,0.5789,2,17,0.1053,LEU:3;SER:3;ASP:2;GLU:2;GLY:2;VAL:2;GLN:1;HIS:1;ILE:1;LYS:1;TYR:1,B,11,1,4,0.2,8,3,0.7273,2,9,0.1818,ASP:2;GLU:2;SER:2;GLY:1;HIS:1;ILE:1;LEU:1;TYR:1,Q6Q546,HUB1,A,8,1,0,1.0,3,5,0.375,0,8,0.0,LEU:2;VAL:2;GLN:1;GLY:1;LYS:1;SER:1,Q6Q546,HUB1
3PTF_DU.pdb,3PTF_DU,0,Z/1,5.26,29.32,19.24,8.0,22,0,2,0.0,6,16,0.2727,1,21,0.0455,GLY:3;LEU:3;PRO:3;ALA:2;ASP:2;GLN:2;ILE:2;MET:2;SER:1;TYR:1;VAL:1,A,12,0,1,0.0,4,8,0.3333,1,11,0.0833,GLY:3;MET:2;PRO:2;ALA:1;ASP:1;GLN:1;SER:1;TYR:1,P51668,UBE2D1,B,7,0,1,0.0,2,5,0.2857,0,7,0.0,ILE:2;ALA:1;ASP:1;GLN:1;PRO:1;VAL:1,P51668,UBE2D1
3QC8_DU.pdb,3QC8_DU,0,Z/1,-11.32,8.2,21.92,8.0,21,3,2,0.6,10,11,0.4762,4,17,0.1905,PHE:4;ARG:3;LEU:3;THR:3;ILE:2;ASP:1;GLN:1;GLU:1;GLY:1;SER:1;VAL:1,B,13,2,1,0.6667,7,6,0.5385,3,10,0.2308,PHE:3;ARG:2;LEU:2;THR:2;GLN:1;GLU:1;ILE:1;SER:1,Q9UNN5,FAF1,A,8,1,1,0.5,3,5,0.375,1,7,0.125,ARG:1;ASP:1;GLY:1;ILE:1;LEU:1;PHE:1;THR:1;VAL:1,P55072,VCP
3QHY_DU.pdb,3QHY_DU,0,Z/1,35.12,-6.96,13.26,8.0,20,1,2,0.3333,11,9,0.55,3,17,0.15,GLY:5;ASN:4;ALA:3;THR:2;TYR:2;ARG:1;ASP:1;GLU:1;TRP:1,B,12,0,2,0.0,6,6,0.5,1,11,0.0833,ASN:3;GLY:3;ALA:2;ASP:1;GLU:1;THR:1;TRP:1,O87916,bliB,A,8,1,0,1.0,5,3,0.625,2,6,0.25,GLY:2;TYR:2;ALA:1;ARG:1;ASN:1;THR:1,Q93T42,bla1
3TBL_DU.pdb,3TBL_DU,0,Z/1,21.93,-30.29,57.38,8.0,19,3,5,0.375,11,8,0.5789,1,18,0.0526,GLU:4;ILE:2;LYS:2;ALA:1;ARG:1;ASN:1;ASP:1;GLN:1;LEU:1;MET:1;PHE:1;PRO:1;SER:1;VAL:1,B,10,1,4,0.2,8,2,0.8,0,10,0.0,GLU:3;ALA:1;ASN:1;ASP:1;GLN:1;LYS:1;SER:1;VAL:1,P12004,PCNA,C,9,2,1,0.6667,3,6,0.3333,1,8,0.1111,ILE:2;ARG:1;GLU:1;LEU:1;LYS:1;MET:1;PHE:1;PRO:1,P12004,PCNA
3U30_DU.pdb,3U30_DU,0,Z/1,40.03,33.12,43.54,8.0,21,2,2,0.5,15,6,0.7143,0,21,0.0,SER:5;LEU:4;THR:3;GLN:2;LYS:2;ASN:1;ASP:1;GLU:1;GLY:1;VAL:1,E,10,0,0,,7,3,0.7,0,10,0.0,THR:3;LEU:2;SER:2;ASN:1;GLN:1;GLY:1,,,F,9,1,1,0.5,6,3,0.6667,0,9,0.0,SER:3;LEU:2;ASP:1;GLN:1;LYS:1;VAL:1,,
3WSO_DU.pdb,3WSO_DU,0,Z/1,-24.19,-64.45,-30.52,8.0,12,1,1,0.5,6,6,0.5,4,8,0.3333,TYR:2;ALA:1;ARG:1;GLN:1;GLU:1;GLY:1;LEU:1;PHE:1;PRO:1;SER:1;TRP:1,A,11,1,0,1.0,5,6,0.4545,4,7,0.3636,TYR:2;ALA:1;ARG:1;GLN:1;GLY:1;LEU:1;PHE:1;PRO:1;SER:1;TRP:1,Q9H4M3,FBXO44,B,1,0,1,0.0,1,0,1.0,0,1,0.0,GLU:1,P63208,SKP1
3WXE_DU.pdb,3WXE_DU,0,Z/1,1.42,-6.27,20.86,8.0,19,5,5,0.5,15,4,0.7895,5,14,0.2632,GLU:3;ARG:2;ASP:2;HIS:2;LEU:2;TYR:2;ASN:1;CYS:1;GLN:1;ILE:1;LYS:1;PHE:1,A,10,2,3,0.4,8,2,0.8,4,6,0.4,GLU:2;HIS:2;ASN:1;ASP:1;CYS:1;ILE:1;PHE:1;TYR:1,E7FEV5,cyld,B,9,3,2,0.6,7,2,0.7778,1,8,0.1111,ARG:2;LEU:2;ASP:1;GLN:1;GLU:1;LYS:1;TYR:1,P0CG48,UBC
3WXE_DU.pdb,3WXE_DU,1,Z/2,23.04,3.1,3.85,8.0,17,4,5,0.4444,12,5,0.7059,3,14,0.1765,GLU:3;ARG:2;ASP:2;GLN:1;HIS:1;ILE:1;LEU:1;LYS:1;MET:1;PHE:1;THR:1;TYR:1;VAL:1,A,10,3,3,0.5,7,3,0.7,3,7,0.3,ARG:2;ASP:2;GLU:1;HIS:1;MET:1;PHE:1;TYR:1;VAL:1,E7FEV5,cyld,B,7,1,2,0.3333,5,2,0.7143,0,7,0.0,GLU:2;GLN:1;ILE:1;LEU:1;LYS:1;THR:1,P0CG48,UBC
4BBN_DU.pdb,4BBN_DU,0,Z/1,33.95,-38.12,14.88,8.0,19,2,1,0.6667,9,10,0.4737,1,18,0.0526,LEU:5;THR:3;ARG:2;GLN:2;ALA:1;ASN:1;GLU:1;ILE:1;MET:1;PHE:1;VAL:1,A,11,1,1,0.5,6,5,0.5455,1,10,0.0909,GLN:2;ALA:1;ARG:1;ASN:1;GLU:1;ILE:1;LEU:1;MET:1;PHE:1;THR:1,P46934,NEDD4,F,8,1,0,1.0,3,5,0.375,0,8,0.0,LEU:4;THR:2;ARG:1;VAL:1,P0CG53,UBB
4BVU_DU.pdb,4BVU_DU,0,Z/1,-84.21,19.09,8.21,8.0,21,3,4,0.4286,12,9,0.5714,3,18,0.1429,ALA:2;ASP:2;GLU:2;LEU:2;LYS:2;PRO:2;SER:2;TYR:2;ARG:1;ASN:1;GLY:1;ILE:1;PHE:1,B,12,3,1,0.75,6,6,0.5,2,10,0.1667,LYS:2;PRO:2;ALA:1;ARG:1;ASN:1;GLU:1;ILE:1;LEU:1;PHE:1;TYR:1,P61077,UBE2D3,A,9,0,3,0.0,6,3,0.6667,1,8,0.1111,ASP:2;SER:2;ALA:1;GLU:1;GLY:1;LEU:1;TYR:1,Q99PZ6,ospG
4BVU_DU.pdb,4BVU_DU,1,Z/2,-68.94,22.1,8.44,8.0,21,3,0,1.0,8,13,0.381,4,17,0.1905,LEU:4;PHE:3;PRO:3;SER:3;ARG:2;GLN:2;ALA:1;ILE:1;LYS:1;TRP:1,B,11,1,0,1.0,4,7,0.3636,2,9,0.1818,PRO:2;SER:2;ALA:1;ARG:1;GLN:1;ILE:1;LEU:1;PHE:1;TRP:1,P61077,UBE2D3,A,9,1,0,1.0,3,6,0.3333,2,7,0.2222,LEU:3;PHE:2;GLN:1;LYS:1;PRO:1;SER:1,Q99PZ6,ospG
4C9R_DU.pdb,4C9R_DU,0,Z/1,-14.44,8.87,-15.07,8.0,21,4,4,0.5,16,5,0.7619,3,18,0.1429,ARG:4;LEU:3;ASN:2;ASP:2;CYS:2;GLU:2;TYR:2;GLN:1;GLY:1;PHE:1;SER:1,A,11,1,4,0.2,8,3,0.7273,0,11,0.0,ASN:2;ASP:2;GLU:2;LEU:2;ARG:1;CYS:1;GLY:1,Q08D68,znrf3,B,10,3,0,1.0,8,2,0.8,3,7,0.3,ARG:3;TYR:2;CYS:1;GLN:1;LEU:1;PHE:1;SER:1,Q5M7L6,rspo2
4C9R_DU.pdb,4C9R_DU,1,Z/2,-7.9,5.56,4.25,8.0,17,2,4,0.3333,9,8,0.5294,5,12,0.2941,GLU:4;TYR:3;ARG:2;GLY:2;VAL:2;ALA:1;ILE:1;PHE:1;TRP:1,A,13,1,2,0.3333,5,8,0.3846,4,9,0.3077,GLU:2;GLY:2;TYR:2;VAL:2;ALA:1;ARG:1;ILE:1;PHE:1;TRP:1,Q08D68,znrf3,C,4,1,2,0.3333,4,0,1.0,1,3,0.25,GLU:2;ARG:1;TYR:1,Q08D68,znrf3
4CDK_DU.pdb,4CDK_DU,0,Z/1,4.96,32.89,15.77,8.0,18,4,3,0.5714,15,3,0.8333,5,13,0.2778,THR:5;GLU:2;HIS:2;LYS:2;TYR:2;ASP:1;GLN:1;LEU:1;PHE:1;VAL:1,A,8,1,1,0.5,6,2,0.75,3,5,0.375,THR:3;GLU:1;HIS:1;LEU:1;PHE:1;TYR:1,Q5SSZ7,Znrf3,C,6,1,2,0.3333,6,0,1.0,2,4,0.3333,THR:2;ASP:1;GLU:1;HIS:1;TYR:1,Q5SSZ7,Znrf3
4I6J_DU.pdb,4I6J_DU,0,Z/1,-47.89,-42.07,-10.27,8.0,18,1,4,0.2,8,10,0.4444,3,15,0.1667,GLU:3;MET:3;PRO:2;ASP:1;GLN:1;GLY:1;HIS:1;ILE:1;LEU:1;SER:1;TRP:1;TYR:1;VAL:1,B,14,0,4,0.0,5,9,0.3571,0,14,0.0,GLU:3;MET:3;PRO:2;ASP:1;GLY:1;ILE:1;LEU:1;SER:1;VAL:1,Q9UKT7,FBXL3,A,4,1,0,1.0,3,1,0.75,3,1,0.75,GLN:1;HIS:1;TRP:1;TYR:1,Q9R194,Cry2
4I6J_DU.pdb,4I6J_DU,1,Z/2,-69.1,-42.33,3.01,8.0,19,6,3,0.6667,14,5,0.7368,0,19,0.0,ARG:3;ILE:3;LYS:3;ASP:2;GLN:2;SER:2;ASN:1;GLU:1;LEU:1;MET:1,A,11,3,1,0.75,7,4,0.6364,0,11,0.0,ARG:2;GLN:2;ILE:2;ASN:1;GLU:1;LEU:1;LYS:1;MET:1,Q9R194,Cry2,B,8,3,2,0.6,7,1,0.875,0,8,0.0,ASP:2;LYS:2;SER:2;ARG:1;ILE:1,Q9UKT7,FBXL3
4I6J_DU.pdb,4I6J_DU,2,Z/3,-49.28,-55.88,5.09,8.0,19,3,4,0.4286,13,6,0.6842,3,16,0.1579,GLU:4;ARG:2;GLY:2;SER:2;VAL:2;ASN:1;CYS:1;GLN:1;HIS:1;LEU:1;PHE:1;TYR:1,B,12,1,3,0.25,8,4,0.6667,2,10,0.1667,GLU:3;SER:2;ARG:1;GLN:1;GLY:1;LEU:1;PHE:1;TYR:1;VAL:1,Q9UKT7,FBXL3,A,7,2,1,0.6667,5,2,0.7143,1,6,0.1429,ARG:1;ASN:1;CYS:1;GLU:1;GLY:1;HIS:1;VAL:1,Q9R194,Cry2
4I6L_DU.pdb,4I6L_DU,0,Z/1,15.38,-14.58,12.21,8.0,17,3,1,0.75,9,8,0.5294,6,11,0.3529,LEU:3;TYR:3;HIS:2;ILE:2;VAL:2;ARG:1;ASP:1;GLN:1;PHE:1;SER:1,A,11,2,1,0.6667,7,4,0.6364,6,5,0.5455,TYR:3;HIS:2;ILE:2;ASP:1;PHE:1;SER:1;VAL:1,Q96FW1,OTUB1,B,6,1,0,1.0,2,4,0.3333,0,6,0.0,LEU:3;ARG:1;GLN:1;VAL:1,P0CG48,UBC
4IFL_DU.pdb,4IFL_DU,0,Z/1,13.16,15.91,5.02,8.0,28,1,0,1.0,6,22,0.2143,0,28,0.0,GLY:9;VAL:6;ALA:3;SER:3;ILE:2;LEU:2;ARG:1;ASN:1;THR:1,X,27,1,0,1.0,5,22,0.1852,0,27,0.0,GLY:9;VAL:6;ALA:3;SER:3;ILE:2;LEU:2;ARG:1;ASN:1,Q14145,KEAP1,P,1,0,0,,1,0,1.0,0,1,0.0,THR:1,Q16236,NFE2L2
4IP3_DU.pdb,4IP3_DU,0,Z/1,31.65,-44.12,26.75,8.0,18,5,5,0.5,15,3,0.8333,3,15,0.1667,GLU:3;ARG:2;ASP:2;LYS:2;TYR:2;ASN:1;GLN:1;HIS:1;ILE:1;LEU:1;PRO:1;THR:1,A,12,2,3,0.4,9,3,0.75,3,9,0.25,ASP:2;TYR:2;ASN:1;GLU:1;HIS:1;ILE:1;LEU:1;LYS:1;PRO:1;THR:1,Q8VSD5,ORF169b,B,6,3,2,0.6,6,0,1.0,0,6,0.0,ARG:2;GLU:2;GLN:1;LYS:1,P61088,UBE2N
4IP3_DU.pdb,4IP3_DU,1,Z/2,15.3,-43.75,11.27,8.0,17,1,1,0.5,7,10,0.4118,0,17,0.0,LEU:4;ASN:2;ILE:2;VAL:2;ALA:1;ASP:1;CYS:1;LYS:1;PRO:1;SER:1;THR:1,B,14,1,1,0.5,6,8,0.4286,0,14,0.0,LEU:4;ILE:2;ALA:1;ASN:1;ASP:1;CYS:1;LYS:1;SER:1;THR:1;VAL:1,P61088,UBE2N,A,3,0,0,,1,2,0.3333,0,3,0.0,ASN:1;PRO:1;VAL:1,Q8VSD5,ORF169b
4JHP_DU.pdb,4JHP_DU,0,Z/1,39.29,6.15,-28.14,8.0,20,3,3,0.5,11,9,0.55,5,15,0.25,TYR:3;ARG:2;GLU:2;LEU:2;VAL:2;ALA:1;ASP:1;GLY:1;LYS:1;PHE:1;PRO:1;SER:1;THR:1;TRP:1,B,12,2,0,1.0,4,8,0.3333,3,9,0.25,LEU:2;VAL:2;ALA:1;ARG:1;LYS:1;PHE:1;PRO:1;THR:1;TRP:1;TYR:1,O43924,PDE6D,C,8,1,3,0.25,7,1,0.875,2,6,0.25,GLU:2;TYR:2;ARG:1;ASP:1;GLY:1;SER:1,Q92834,RPGR
4KBQ_DU.pdb,4KBQ_DU,0,Z/1,25.32,-1.16,-25.23,8.0,17,3,3,0.5,11,6,0.6471,0,17,0.0,LEU:3;ARG:2;ASN:2;GLU:2;VAL:2;ALA:1;ASP:1;CYS:1;GLN:1;LYS:1;THR:1,A,10,2,1,0.6667,6,4,0.6,0,10,0.0,LEU:3;ARG:2;ALA:1;ASN:1;CYS:1;GLN:1;GLU:1,Q9UNE7,STUB1,D,4,0,2,0.0,3,1,0.75,0,4,0.0,ASP:1;GLU:1;THR:1;VAL:1,P11142,HSPA8
4KDL_DU.pdb,4KDL_DU,0,Z/1,17.76,2.48,-3.5,8.0,21,4,1,0.8,11,10,0.5238,4,17,0.1905,ILE:3;THR:3;ARG:2;GLY:2;LYS:2;PHE:2;TYR:2;VAL:2;ASP:1;CYS:1;PRO:1,A,12,1,1,0.5,5,7,0.4167,2,10,0.1667,ILE:2;VAL:2;ARG:1;ASP:1;CYS:1;GLY:1;PHE:1;PRO:1;THR:1;TYR:1,P55072,VCP,B,9,3,0,1.0,6,3,0.6667,2,7,0.2222,LYS:2;THR:2;ARG:1;GLY:1;ILE:1;PHE:1;TYR:1,P43558,OTU1
4NR3_DU.pdb,4NR3_DU,0,Z/1,14.75,14.28,32.22,8.0,16,4,1,0.8,10,6,0.625,3,13,0.1875,ARG:2;ASN:2;LYS:2;PRO:2;TYR:2;VAL:2;GLU:1;GLY:1;PHE:1;SER:1,A,12,4,1,0.8,7,5,0.5833,1,11,0.0833,ARG:2;LYS:2;PRO:2;VAL:2;ASN:1;GLU:1;GLY:1;TYR:1,Q15819,UBE2V2,B,4,0,0,,3,1,0.75,2,2,0.5,ASN:1;PHE:1;SER:1;TYR:1,P61088,UBE2N
4NRG_DU.pdb,4NRG_DU,0,Z/1,33.72,14.94,28.04,8.0,16,4,3,0.5714,8,8,0.5,0,16,0.0,LEU:3;ARG:2;ASP:2;ILE:2;LYS:2;ALA:1;CYS:1;GLU:1;PRO:1;VAL:1,B,14,4,2,0.6667,7,7,0.5,0,14,0.0,ARG:2;ASP:2;ILE:2;LEU:2;LYS:2;ALA:1;CYS:1;PRO:1;VAL:1,P61088,UBE2N,A,2,0,1,0.0,1,1,0.5,0,2,0.0,GLU:1;LEU:1,Q15819,UBE2V2
4NRG_DU.pdb,4NRG_DU,1,Z/2,14.75,13.95,32.62,8.0,15,2,2,0.5,9,6,0.6,3,12,0.2,ASN:2;PRO:2;TYR:2;VAL:2;ARG:1;ASP:1;GLU:1;GLY:1;LYS:1;PHE:1;SER:1,A,10,2,1,0.6667,5,5,0.5,1,9,0.1,PRO:2;VAL:2;ARG:1;ASN:1;GLU:1;GLY:1;LYS:1;TYR:1,Q15819,UBE2V2,B,5,0,1,0.0,4,1,0.8,2,3,0.4,ASN:1;ASP:1;PHE:1;SER:1;TYR:1,P61088,UBE2N
4ONL_DU.pdb,4ONL_DU,0,Z/1,15.06,14.99,32.13,8.0,18,4,2,0.6667,12,6,0.6667,3,15,0.1667,ASN:3;ARG:2;LYS:2;PRO:2;TYR:2;VAL:2;ASP:1;GLU:1;GLY:1;PHE:1;SER:1,A,13,4,1,0.8,8,5,0.6154,1,12,0.0769,ARG:2;ASN:2;LYS:2;PRO:2;VAL:2;GLU:1;GLY:1;TYR:1,Q15819,UBE2V2,B,5,0,1,0.0,4,1,0.8,2,3,0.4,ASN:1;ASP:1;PHE:1;SER:1;TYR:1,P61088,UBE2N
4ONL_DU.pdb,4ONL_DU,1,Z/2,29.42,15.28,27.12,8.0,13,3,2,0.6,7,6,0.5385,1,12,0.0769,GLU:2;LEU:2;LYS:2;ARG:1;ASN:1;ILE:1;PHE:1;PRO:1;SER:1;VAL:1,B,8,3,0,1.0,4,4,0.5,0,8,0.0,LYS:2;ARG:1;ILE:1;LEU:1;PRO:1;SER:1;VAL:1,P61088,UBE2N,A,5,0,2,0.0,3,2,0.6,1,4,0.2,GLU:2;ASN:1;LEU:1;PHE:1,Q15819,UBE2V2
4P0A_DU.pdb,4P0A_DU,0,Z/1,3.14,11.36,-14.15,8.0,20,3,5,0.375,14,6,0.7,2,18,0.1,ASP:3;GLN:3;LEU:3;ARG:2;GLU:2;THR:2;VAL:2;HIS:1;PRO:1;TYR:1,C,12,1,3,0.25,8,4,0.6667,1,11,0.0833,LEU:3;ASP:2;GLN:2;ARG:1;GLU:1;THR:1;TYR:1;VAL:1,Q96EP0,RNF31,A,8,2,2,0.5,6,2,0.75,1,7,0.125,ARG:1;ASP:1;GLN:1;GLU:1;HIS:1;PRO:1;THR:1;VAL:1,Q96EP0,RNF31
4P0B_DU.pdb,4P0B_DU,0,Z/1,1.16,9.6,-11.71,8.0,22,2,3,0.4,13,9,0.5909,3,19,0.1364,GLN:5;LEU:3;VAL:3;ASP:2;GLY:2;TYR:2;ARG:1;GLU:1;HIS:1;PRO:1;THR:1,A,12,1,2,0.3333,7,5,0.5833,2,10,0.1667,GLN:3;VAL:2;ASP:1;GLU:1;GLY:1;HIS:1;LEU:1;PRO:1;TYR:1,Q96EP0,RNF31,C,10,1,1,0.5,6,4,0.6,1,9,0.1,GLN:2;LEU:2;ARG:1;ASP:1;GLY:1;THR:1;TYR:1;VAL:1,Q96EP0,RNF31
4Q5E_DU.pdb,4Q5E_DU,0,Z/1,10.4,-51.93,1.46,8.0,21,4,2,0.6667,11,10,0.5238,3,18,0.1429,ALA:3;ARG:3;SER:3;LEU:2;MET:2;TYR:2;ASP:1;GLU:1;GLY:1;LYS:1;PHE:1;PRO:1,C,11,3,0,1.0,5,6,0.4545,2,9,0.1818,ALA:2;ARG:2;LEU:1;LYS:1;MET:1;PHE:1;PRO:1;SER:1;TYR:1,P68036,UBE2L3,A,10,1,2,0.3333,6,4,0.6,1,9,0.1,SER:2;ALA:1;ARG:1;ASP:1;GLU:1;GLY:1;LEU:1;MET:1;TYR:1,Q3YTH2,ospG
4Q5E_DU.pdb,4Q5E_DU,1,Z/2,19.25,-41.89,-11.06,8.0,16,2,2,0.5,8,8,0.5,2,14,0.125,LEU:3;GLU:2;LYS:2;PRO:2;SER:2;ALA:1;ASN:1;GLN:1;PHE:1;TRP:1,A,8,1,1,0.5,4,4,0.5,1,7,0.125,LEU:3;GLN:1;GLU:1;LYS:1;PHE:1;SER:1,Q3YTH2,ospG,C,8,1,1,0.5,4,4,0.5,1,7,0.125,PRO:2;ALA:1;ASN:1;GLU:1;LYS:1;SER:1;TRP:1,P68036,UBE2L3
4TQ0_DU.pdb,4TQ0_DU,0,Z/1,33.06,84.09,272.62,8.0,19,6,1,0.8571,13,6,0.6842,9,10,0.4737,TYR:4;ARG:3;HIS:3;GLN:2;ILE:2;PHE:2;PRO:2;GLU:1,A,10,3,1,0.75,7,3,0.7,5,5,0.5,HIS:2;TYR:2;ARG:1;GLN:1;GLU:1;ILE:1;PHE:1;PRO:1,Q9H1Y0,ATG5,C,9,3,0,1.0,6,3,0.6667,4,5,0.4444,ARG:2;TYR:2;GLN:1;HIS:1;ILE:1;PHE:1;PRO:1,Q9H1Y0,ATG5
4TQ0_DU.pdb,4TQ0_DU,1,Z/2,18.58,68.87,268.94,8.0,16,7,1,0.875,12,4,0.75,4,12,0.25,ARG:4;LEU:2;LYS:2;TYR:2;ALA:1;ASP:1;GLN:1;HIS:1;PHE:1;SER:1,A,12,5,1,0.8333,9,3,0.75,3,9,0.25,ARG:2;LYS:2;ALA:1;ASP:1;GLN:1;HIS:1;LEU:1;PHE:1;SER:1;TYR:1,Q9H1Y0,ATG5,C,4,2,0,1.0,3,1,0.75,1,3,0.25,ARG:2;LEU:1;TYR:1,Q9H1Y0,ATG5
4WLR_DU.pdb,4WLR_DU,0,Z/1,22.42,10.95,16.58,8.0,18,5,4,0.5556,13,5,0.7222,1,17,0.0556,ARG:4;GLU:3;GLN:2;PRO:2;ASN:1;ASP:1;GLY:1;LEU:1;LYS:1;TYR:1;VAL:1,A,12,3,4,0.4286,9,3,0.75,1,11,0.0833,GLU:3;ARG:2;ASN:1;ASP:1;GLY:1;LYS:1;PRO:1;TYR:1;VAL:1,Q9WUP7,Uchl5,C,4,2,0,1.0,3,1,0.75,0,4,0.0,ARG:2;GLN:1;LEU:1,P0CG47,UBB
5AN3_DU.pdb,5AN3_DU,0,Z/1,13.01,21.01,35.54,8.0,21,5,2,0.7143,11,10,0.5238,7,14,0.3333,LEU:5;LYS:3;ASP:2;HIS:2;PHE:2;SER:2;TRP:2;ASN:1;GLY:1;TYR:1,A,11,2,1,0.6667,6,5,0.5455,5,6,0.4545,PHE:2;SER:2;ASP:1;GLY:1;HIS:1;LEU:1;LYS:1;TRP:1;TYR:1,Q08446,SGT1,C,9,2,1,0.6667,4,5,0.4444,2,7,0.2222,LEU:4;ASN:1;ASP:1;HIS:1;LYS:1;TRP:1,Q08446,SGT1
5B83_DU.pdb,5B83_DU,0,Z/1,62.68,16.36,52.63,8.0,19,1,2,0.3333,9,10,0.4737,1,18,0.0526,LEU:4;THR:3;GLU:2;GLY:2;ILE:2;ALA:1;ASN:1;GLN:1;LYS:1;PHE:1;SER:1,D,10,1,1,0.5,6,4,0.6,1,9,0.1,ALA:1;ASN:1;GLN:1;GLU:1;ILE:1;LEU:1;LYS:1;PHE:1;SER:1;THR:1,P0CG48,UBC,A,9,0,1,0.0,3,6,0.3333,0,9,0.0,LEU:3;GLY:2;THR:2;GLU:1;ILE:1,P0CG48,UBC
5C56_DU.pdb,5C56_DU,0,Z/1,15.55,-21.18,26.22,8.0,21,6,6,0.5,14,7,0.6667,2,19,0.0952,GLU:4;LEU:3;LYS:3;ARG:2;ASP:2;ILE:2;ALA:1;HIS:1;THR:1;TYR:1;VAL:1,A,18,3,6,0.3333,11,7,0.6111,1,17,0.0556,GLU:4;LEU:3;ASP:2;ILE:2;LYS:2;ALA:1;ARG:1;THR:1;TYR:1;VAL:1,Q93009,USP7,B,3,3,0,1.0,3,0,1.0,1,2,0.3333,ARG:1;HIS:1;LYS:1,P08393,ICP0
5GLF_DU.pdb,5GLF_DU,0,Z/1,7.88,-5.54,66.84,8.0,15,6,2,0.75,9,6,0.6,1,14,0.0667,ARG:4;LEU:2;LYS:2;ASP:1;GLU:1;GLY:1;ILE:1;PHE:1;THR:1;VAL:1,A,9,1,1,0.5,3,6,0.3333,1,8,0.1111,LEU:2;ARG:1;ASP:1;GLY:1;ILE:1;PHE:1;THR:1;VAL:1,P55072,VCP,C,6,5,1,0.8333,6,0,1.0,0,6,0.0,ARG:3;LYS:2;GLU:1,P55072,VCP
5H07_DU.pdb,5H07_DU,0,Z/1,18.89,26.11,38.75,8.0,11,3,2,0.6,7,4,0.6364,1,10,0.0909,ARG:2;LEU:2;ASP:1;GLN:1;GLU:1;ILE:1;LYS:1;PRO:1;TYR:1,A,8,2,1,0.6667,4,4,0.5,0,8,0.0,ARG:2;LEU:2;GLN:1;GLU:1;ILE:1;PRO:1,P0CG48,UBC,D,2,0,1,0.0,2,0,1.0,1,1,0.5,ASP:1;TYR:1,Q8NFZ5,TNIP2
5HPK_DU.pdb,5HPK_DU,0,Z/1,25.52,-24.76,17.37,8.0,15,3,2,0.6,10,5,0.6667,2,13,0.1333,ARG:2;ALA:1;ASN:1;ASP:1;GLN:1;GLU:1;GLY:1;ILE:1;LEU:1;LYS:1;PHE:1;SER:1;THR:1;TYR:1,A,15,3,2,0.6,10,5,0.6667,2,13,0.1333,ARG:2;ALA:1;ASN:1;ASP:1;GLN:1;GLU:1;GLY:1;ILE:1;LEU:1;LYS:1;PHE:1;SER:1;THR:1;TYR:1,Q96PU5,NEDD4L,,,,,,,,,,,,,,
5HPK_DU.pdb,5HPK_DU,1,Z/2,23.33,-39.69,23.03,8.0,19,2,2,0.5,11,8,0.5789,2,17,0.1053,ASN:3;ARG:2;GLU:2;LEU:2;SER:2;ALA:1;GLN:1;GLY:1;ILE:1;PHE:1;PRO:1;TYR:1;VAL:1,A,19,2,2,0.5,11,8,0.5789,2,17,0.1053,ASN:3;ARG:2;GLU:2;LEU:2;SER:2;ALA:1;GLN:1;GLY:1;ILE:1;PHE:1;PRO:1;TYR:1;VAL:1,Q96PU5,NEDD4L,,,,,,,,,,,,,,
5HPL_DU.pdb,5HPL_DU,0,Z/1,92.86,-16.97,101.76,8.0,18,8,2,0.8,13,5,0.7222,5,13,0.2778,ARG:6;PHE:3;THR:3;ASP:2;HIS:2;PRO:2,A,9,4,1,0.8,6,3,0.6667,3,6,0.3333,ARG:3;PHE:2;ASP:1;HIS:1;PRO:1;THR:1,P39940,RSP5,B,9,4,1,0.8,7,2,0.7778,2,7,0.2222,ARG:3;THR:2;ASP:1;HIS:1;PHE:1;PRO:1,P39940,RSP5
5IBK_DU.pdb,5IBK_DU,0,Z/1,-11.47,-4.63,-2.65,8.0,10,0,1,0.0,3,7,0.3,1,9,0.1,LEU:3;PRO:2;ALA:1;ASN:1;GLU:1;PHE:1;SER:1,A,5,0,1,0.0,2,3,0.4,1,4,0.2,ALA:1;ASN:1;GLU:1;LEU:1;PHE:1,P63208,SKP1,B,2,0,0,,0,2,0.0,0,2,0.0,LEU:1;PRO:1,Q969H0,FBXW7
5IF1_DU.pdb,5IF1_DU,0,Z/1,-78.81,-32.13,-11.67,8.0,15,4,2,0.6667,8,7,0.5333,3,12,0.2,LEU:3;ASN:2;GLU:2;HIS:2;MET:2;ARG:1;LYS:1;PHE:1;VAL:1,D,8,3,1,0.75,4,4,0.5,1,7,0.125,LEU:2;ARG:1;GLU:1;HIS:1;LYS:1;MET:1;VAL:1,P20248,CCNA2,A,6,0,1,0.0,3,3,0.5,1,5,0.1667,ASN:2;GLU:1;LEU:1;MET:1;PHE:1,P24941,CDK2
5IGO_DU.pdb,5IGO_DU,0,Z/1,9.61,59.29,75.98,8.0,16,3,2,0.6,9,7,0.5625,0,16,0.0,ILE:3;ARG:2;ASP:2;SER:2;VAL:2;ALA:1;ASN:1;CYS:1;LEU:1;LYS:1,A,8,0,1,0.0,3,5,0.375,0,8,0.0,ILE:3;VAL:2;ASN:1;ASP:1;SER:1,P43254,COP1,C,5,2,0,1.0,3,2,0.6,0,5,0.0,ARG:2;ALA:1;LEU:1;SER:1,P43254,COP1
5IGO_DU.pdb,5IGO_DU,1,Z/2,15.77,49.3,90.7,8.0,17,4,2,0.6667,10,7,0.5882,4,13,0.2353,ALA:2;HIS:2;LYS:2;VAL:2;ASN:1;ASP:1;GLU:1;ILE:1;PHE:1;PRO:1;SER:1;THR:1;TYR:1,B,7,4,1,0.8,5,2,0.7143,2,5,0.2857,ALA:2;HIS:2;LYS:2;ASP:1,P43254,COP1,C,7,0,0,,3,4,0.4286,1,6,0.1429,VAL:2;ASN:1;ILE:1;PHE:1;SER:1;THR:1,P43254,COP1
5J26_DU.pdb,5J26_DU,0,Z/1,-7.98,-12.05,14.32,8.0,22,3,2,0.6,9,13,0.4091,5,17,0.2273,GLY:3;PHE:3;ALA:2;ASP:2;LYS:2;TYR:2;VAL:2;ARG:1;ILE:1;LEU:1;MET:1;SER:1;THR:1,A,19,2,2,0.5,7,12,0.3684,5,14,0.2632,PHE:3;ALA:2;ASP:2;GLY:2;TYR:2;VAL:2;ARG:1;ILE:1;LEU:1;LYS:1;MET:1;SER:1,Q12888,TP53BP1,B,3,1,0,1.0,2,1,0.6667,0,3,0.0,GLY:1;LYS:1;THR:1,P62987,UBA52
5J26_DU.pdb,5J26_DU,1,Z/2,-18.67,-9.13,9.49,8.0,20,2,0,1.0,10,10,0.5,5,15,0.25,LEU:3;SER:3;ALA:2;PHE:2;THR:2;TYR:2;GLN:1;GLY:1;HIS:1;ILE:1;LYS:1;VAL:1,A,14,0,0,,6,8,0.4286,3,11,0.2143,ALA:2;LEU:2;SER:2;TYR:2;GLN:1;GLY:1;ILE:1;PHE:1;THR:1;VAL:1,Q12888,TP53BP1,B,6,2,0,1.0,4,2,0.6667,2,4,0.3333,HIS:1;LEU:1;LYS:1;PHE:1;SER:1;THR:1,P62987,UBA52
5KYD_DU.pdb,5KYD_DU,0,Z/1,9.5,-7.34,19.69,8.0,18,3,3,0.5,10,8,0.5556,2,16,0.1111,GLN:4;LEU:3;ARG:2;ASP:2;VAL:2;GLU:1;HIS:1;ILE:1;MET:1;PHE:1,A,13,2,3,0.4,8,5,0.6154,2,11,0.1538,GLN:3;ASP:2;LEU:2;ARG:1;GLU:1;HIS:1;MET:1;PHE:1;VAL:1,Q93009,USP7,D,5,1,0,1.0,2,3,0.4,0,5,0.0,ARG:1;GLN:1;ILE:1;LEU:1;VAL:1,P0CG47,UBB
5MN9_DU.pdb,5MN9_DU,0,Z/1,14.69,104.87,7.46,8.0,16,1,0,1.0,6,10,0.375,3,13,0.1875,LEU:3;THR:3;GLY:2;ILE:2;ALA:1;GLN:1;HIS:1;PHE:1;TYR:1;VAL:1,A,8,0,0,,2,6,0.25,0,8,0.0,LEU:3;THR:2;GLY:1;ILE:1;VAL:1,P62992,RPS27A,B,6,1,0,1.0,2,4,0.3333,2,4,0.3333,ALA:1;GLY:1;HIS:1;ILE:1;PHE:1;THR:1,P62992,RPS27A
5NKZ_DU.pdb,5NKZ_DU,0,Z/1,-2.36,17.24,1.23,8.0,18,2,2,0.5,8,10,0.4444,2,16,0.1111,ALA:4;GLU:2;THR:2;TRP:2;VAL:2;ARG:1;GLN:1;ILE:1;LYS:1;PRO:1;SER:1,B,10,0,1,0.0,4,6,0.4,1,9,0.1,ALA:2;VAL:2;GLN:1;GLU:1;ILE:1;SER:1;THR:1;TRP:1,O60015,PEX4,A,8,2,1,0.6667,4,4,0.5,1,7,0.125,ALA:2;ARG:1;GLU:1;LYS:1;PRO:1;THR:1;TRP:1,O60015,PEX4
5SXP_DU.pdb,5SXP_DU,0,Z/1,6.49,7.61,4.35,8.0,23,2,2,0.5,12,11,0.5217,7,16,0.3043,PHE:4;PRO:4;GLN:3;ARG:2;ASN:2;THR:2;TRP:2;ASP:1;GLU:1;LEU:1;TYR:1,A,12,0,2,0.0,6,6,0.5,4,8,0.3333,GLN:2;PHE:2;TRP:2;ASN:1;ASP:1;GLU:1;LEU:1;PRO:1;THR:1,Q14155,ARHGEF7,G,6,2,0,1.0,3,3,0.5,0,6,0.0,PRO:3;ARG:2;THR:1,Q96J02,ITCH
5TUT_DU.pdb,5TUT_DU,0,Z/1,-9.21,3.09,35.59,8.0,17,1,1,0.5,5,12,0.2941,1,16,0.0588,LEU:4;ILE:3;PRO:3;ALA:1;ASN:1;ASP:1;GLN:1;HIS:1;THR:1;VAL:1,A,11,1,1,0.5,3,8,0.2727,1,10,0.0909,PRO:3;ILE:2;ALA:1;ASN:1;ASP:1;HIS:1;LEU:1;VAL:1,P51668,UBE2D1,B,6,0,0,,2,4,0.3333,0,6,0.0,LEU:3;GLN:1;ILE:1;THR:1,P0CG47,UBB
5TUT_DU.pdb,5TUT_DU,1,Z/2,4.66,7.59,31.63,8.0,15,3,1,0.75,7,8,0.4667,0,15,0.0,ILE:3;LEU:3;ARG:2;GLY:2;SER:2;ASN:1;ASP:1;LYS:1,A,12,2,1,0.6667,6,6,0.5,0,12,0.0,ILE:3;LEU:3;SER:2;ARG:1;ASN:1;ASP:1;LYS:1,P51668,UBE2D1,B,3,1,0,1.0,1,2,0.3333,0,3,0.0,GLY:2;ARG:1,P0CG47,UBB
5UQ2_DU.pdb,5UQ2_DU,0,Z/1,-10.65,15.78,-2.31,8.0,17,3,6,0.3333,16,1,0.9412,2,15,0.1176,GLU:4;THR:3;ARG:2;ASP:2;TYR:2;ASN:1;LYS:1;PRO:1;SER:1,B,12,2,5,0.2857,12,0,1.0,2,10,0.1667,GLU:4;THR:2;TYR:2;ARG:1;ASN:1;ASP:1;LYS:1,Q5MJ70,SPDYA,A,5,1,1,0.5,4,1,0.8,0,5,0.0,ARG:1;ASP:1;PRO:1;SER:1;THR:1,P24941,CDK2
5V1Y_DU.pdb,5V1Y_DU,0,Z/1,11.17,-15.16,26.89,8.0,16,3,2,0.6,9,7,0.5625,2,14,0.125,ILE:3;GLN:2;LEU:2;LYS:2;ARG:1;ASN:1;ASP:1;GLU:1;PHE:1;TYR:1;VAL:1,C,13,3,2,0.6,8,5,0.6154,2,11,0.1538,GLN:2;ILE:2;LEU:2;LYS:2;ARG:1;ASP:1;GLU:1;PHE:1;TYR:1,P0CG47,UBB,B,2,0,0,,1,1,0.5,0,2,0.0,ASN:1;VAL:1,Q16186,ADRM1
5V1Z_DU.pdb,5V1Z_DU,0,Z/1,0.56,28.71,-5.04,8.0,16,2,3,0.4,10,6,0.625,2,14,0.125,ASN:3;GLU:2;LYS:2;PRO:2;ALA:1;ASP:1;GLY:1;LEU:1;PHE:1;SER:1;TYR:1,B,9,0,2,0.0,6,3,0.6667,1,8,0.1111,ASN:3;PRO:2;ASP:1;GLU:1;LEU:1;TYR:1,Q16186,ADRM1,A,4,1,0,1.0,1,3,0.25,1,3,0.25,ALA:1;GLY:1;LYS:1;PHE:1,Q16186,ADRM1
5V89_DU.pdb,5V89_DU,0,Z/1,13.31,14.43,10.27,8.0,21,3,4,0.4286,12,9,0.5714,3,18,0.1429,ASN:2;ASP:2;GLU:2;ILE:2;LYS:2;TRP:2;VAL:2;ALA:1;ARG:1;CYS:1;GLN:1;LEU:1;PRO:1;TYR:1,A,13,1,1,0.5,6,7,0.4615,2,11,0.1538,ASN:2;TRP:2;VAL:2;ALA:1;ASP:1;CYS:1;GLN:1;LEU:1;LYS:1;PRO:1,Q92564,DCUN1D4,C,8,2,3,0.4,6,2,0.75,1,7,0.125,GLU:2;ILE:2;ARG:1;ASP:1;LYS:1;TYR:1,Q13616,CUL1
5Y21_DU.pdb,5Y21_DU,0,Z/1,-3.38,-4.11,64.13,8.0,22,2,2,0.5,6,16,0.2727,0,22,0.0,PRO:8;ALA:3;LEU:3;ARG:2;CYS:2;GLU:2;GLY:1;VAL:1,B,12,0,1,0.0,2,10,0.1667,0,12,0.0,PRO:5;ALA:2;LEU:2;CYS:1;GLU:1;VAL:1,Q9SRM4,AL2,A,8,0,1,0.0,2,6,0.25,0,8,0.0,PRO:3;ALA:1;CYS:1;GLU:1;GLY:1;LEU:1,Q9SRM4,AL2
6B7M_DU.pdb,6B7M_DU,0,Z/1,61.55,60.54,22.9,8.0,13,5,1,0.8333,11,2,0.8462,4,9,0.3077,ARG:2;HIS:2;TYR:2;ALA:1;CYS:1;GLN:1;GLU:1;LEU:1;LYS:1;SER:1,A,11,4,1,0.8,9,2,0.8182,4,7,0.3636,HIS:2;TYR:2;ALA:1;ARG:1;CYS:1;GLU:1;LEU:1;LYS:1;SER:1,Q5ZSK8,,B,2,1,0,1.0,2,0,1.0,0,2,0.0,ARG:1;GLN:1,P0CG48,UBC
6B7M_DU.pdb,6B7M_DU,1,Z/2,63.24,74.33,29.19,8.0,19,3,2,0.6,8,11,0.4211,0,19,0.0,ARG:3;LEU:3;ALA:2;GLN:2;GLY:2;ILE:2;ASP:1;GLU:1;PRO:1;THR:1;VAL:1,A,12,1,2,0.3333,5,7,0.4167,0,12,0.0,ALA:2;ILE:2;ARG:1;ASP:1;GLN:1;GLU:1;GLY:1;LEU:1;PRO:1;THR:1,Q5ZSK8,,B,7,2,0,1.0,3,4,0.4286,0,7,0.0,ARG:2;LEU:2;GLN:1;GLY:1;VAL:1,P0CG48,UBC
6BRO_DU.pdb,6BRO_DU,0,Z/1,-27.46,-16.09,33.4,8.0,17,3,4,0.4286,8,9,0.4706,2,15,0.1176,ARG:3;GLU:3;ALA:2;GLY:2;LEU:2;ASP:1;PHE:1;THR:1;TRP:1;VAL:1,D,13,3,1,0.75,5,8,0.3846,2,11,0.1538,ARG:3;ALA:2;GLY:2;LEU:2;ASP:1;PHE:1;THR:1;TRP:1,Q5VMP0,D3,B,4,0,3,0.0,3,1,0.75,0,4,0.0,GLU:3;VAL:1,Q5VMP0,D3
6BRO_DU.pdb,6BRO_DU,1,Z/2,-26.2,45.25,34.04,8.0,16,5,3,0.625,9,7,0.5625,1,15,0.0625,ARG:5;GLU:3;ALA:2;LEU:2;GLY:1;PHE:1;THR:1;VAL:1,B,12,5,0,1.0,6,6,0.5,1,11,0.0833,ARG:5;ALA:2;LEU:2;GLY:1;PHE:1;THR:1,Q5VMP0,D3,D,4,0,3,0.0,3,1,0.75,0,4,0.0,GLU:3;VAL:1,Q5VMP0,D3
6BRP_DU.pdb,6BRP_DU,0,Z/1,-11.34,-10.19,-40.09,8.0,20,2,0,1.0,4,16,0.2,2,18,0.1,ALA:8;LEU:3;PRO:2;ARG:1;GLY:1;HIS:1;ILE:1;PHE:1;SER:1;THR:1,B,10,0,0,,2,8,0.2,0,10,0.0,ALA:4;LEU:2;PRO:2;SER:1;THR:1,Q5VMP0,D3,D,10,2,0,1.0,2,8,0.2,2,8,0.2,ALA:4;ARG:1;GLY:1;HIS:1;ILE:1;LEU:1;PHE:1,Q5VMP0,D3
6BRQ_DU.pdb,6BRQ_DU,0,Z/1,-25.82,22.05,-11.12,8.0,20,3,1,0.75,10,10,0.5,1,19,0.05,ALA:5;THR:4;PRO:3;ARG:2;LEU:2;SER:2;GLU:1;HIS:1,B,11,2,0,1.0,7,4,0.6364,1,10,0.0909,THR:3;ALA:2;SER:2;ARG:1;HIS:1;LEU:1;PRO:1,Q5VMP0,D3,D,9,1,1,0.5,3,6,0.3333,0,9,0.0,ALA:3;PRO:2;ARG:1;GLU:1;LEU:1;THR:1,Q5VMP0,D3
6BRQ_DU.pdb,6BRQ_DU,1,Z/2,-17.57,7.85,-27.7,8.0,20,2,0,1.0,4,16,0.2,2,18,0.1,ALA:8;LEU:3;PRO:2;ARG:1;GLY:1;HIS:1;ILE:1;PHE:1;SER:1;THR:1,B,10,0,0,,2,8,0.2,0,10,0.0,ALA:4;LEU:2;PRO:2;SER:1;THR:1,Q5VMP0,D3,D,10,2,0,1.0,2,8,0.2,2,8,0.2,ALA:4;ARG:1;GLY:1;HIS:1;ILE:1;LEU:1;PHE:1,Q5VMP0,D3
6BRQ_DU.pdb,6BRQ_DU,2,Z/3,-11.54,18.67,-26.73,8.0,19,1,2,0.3333,9,10,0.4737,2,17,0.1053,ALA:3;LEU:3;SER:3;ASP:2;PRO:2;THR:2;GLN:1;GLY:1;HIS:1;TRP:1,B,11,0,2,0.0,5,6,0.4545,0,11,0.0,LEU:3;ALA:2;ASP:2;SER:2;GLY:1;THR:1,Q5VMP0,D3,D,8,1,0,1.0,4,4,0.5,2,6,0.25,PRO:2;ALA:1;GLN:1;HIS:1;SER:1;THR:1;TRP:1,Q5VMP0,D3
6CF6_DU.pdb,6CF6_DU,0,Z/1,63.95,44.67,-29.98,8.0,17,5,3,0.625,11,6,0.6471,2,15,0.1176,ARG:3;GLU:3;LEU:2;LYS:2;THR:2;ILE:1;PHE:1;PRO:1;TYR:1;VAL:1,A,10,2,2,0.5,6,4,0.6,2,8,0.2,GLU:2;LEU:2;ARG:1;LYS:1;PHE:1;THR:1;TYR:1;VAL:1,Q6PFX9,Tnks,B,7,3,1,0.75,5,2,0.7143,0,7,0.0,ARG:2;GLU:1;ILE:1;LYS:1;PRO:1;THR:1,Q6PFX9,Tnks
6CF6_DU.pdb,6CF6_DU,1,Z/2,64.56,20.0,-29.77,8.0,19,6,1,0.8571,8,11,0.4211,2,17,0.1053,LEU:5;GLY:3;ALA:2;ARG:2;HIS:2;LYS:2;ASN:1;GLU:1;VAL:1,B,10,3,0,1.0,4,6,0.4,1,9,0.1,GLY:2;LEU:2;ALA:1;ARG:1;ASN:1;HIS:1;LYS:1;VAL:1,Q6PFX9,Tnks,A,9,3,1,0.75,4,5,0.4444,1,8,0.1111,LEU:3;ALA:1;ARG:1;GLU:1;GLY:1;HIS:1;LYS:1,Q6PFX9,Tnks
6CP2_DU.pdb,6CP2_DU,0,Z/1,-19.44,32.01,41.42,8.0,19,3,2,0.6,9,10,0.4737,0,19,0.0,ALA:2;ARG:2;GLY:2;ILE:2;THR:2;VAL:2;ASN:1;ASP:1;GLN:1;GLU:1;LEU:1;LYS:1;PRO:1,A,15,1,2,0.3333,7,8,0.4667,0,15,0.0,ALA:2;ILE:2;THR:2;VAL:2;ARG:1;ASN:1;ASP:1;GLN:1;GLU:1;LEU:1;PRO:1,Q6RCR4,sidC,C,3,1,0,1.0,1,2,0.3333,0,3,0.0,GLY:2;ARG:1,P0CG47,UBB
6CP2_DU.pdb,6CP2_DU,1,Z/2,-25.82,51.96,32.41,8.0,17,3,4,0.4286,11,6,0.6471,3,14,0.1765,ASP:2;GLU:2;LYS:2;TYR:2;ALA:1;ARG:1;ASN:1;GLY:1;ILE:1;PHE:1;PRO:1;SER:1;VAL:1,A,16,3,3,0.5,10,6,0.625,3,13,0.1875,ASP:2;LYS:2;TYR:2;ALA:1;ARG:1;ASN:1;GLU:1;GLY:1;ILE:1;PHE:1;PRO:1;SER:1;VAL:1,Q6RCR4,sidC,B,1,0,1,0.0,1,0,1.0,0,1,0.0,GLU:1,P68036,UBE2L3
6D4P_DU.pdb,6D4P_DU,0,Z/1,6.7,-5.82,-8.84,8.0,21,1,3,0.25,10,11,0.4762,3,18,0.1429,LEU:3;ALA:2;ASP:2;GLY:2;PHE:2;PRO:2;SER:2;ARG:1;CYS:1;GLN:1;GLU:1;THR:1;TYR:1,A,14,1,3,0.25,8,6,0.5714,0,14,0.0,ASP:2;LEU:2;PRO:2;SER:2;ALA:1;ARG:1;CYS:1;GLN:1;GLU:1;GLY:1,P51668,UBE2D1,C,7,0,0,,2,5,0.2857,3,4,0.4286,PHE:2;ALA:1;GLY:1;LEU:1;THR:1;TYR:1,Q59EM9,
6D6I_DU.pdb,6D6I_DU,0,Z/1,-20.58,-34.93,0.07,8.0,15,5,2,0.7143,8,7,0.5333,2,13,0.1333,VAL:4;ARG:3;GLU:2;LYS:2;PHE:2;ASN:1;ILE:1,D,8,3,1,0.75,5,3,0.625,1,7,0.125,ARG:2;VAL:2;ASN:1;GLU:1;LYS:1;PHE:1,Q13404,UBE2V1,A,7,2,1,0.6667,3,4,0.4286,1,6,0.1429,VAL:2;ARG:1;GLU:1;ILE:1;LYS:1;PHE:1,Q13404,UBE2V1
6DO4_DU.pdb,6DO4_DU,0,Z/1,166.58,-2.89,85.68,8.0,18,5,2,0.7143,11,7,0.6111,3,15,0.1667,PRO:4;ARG:3;ASP:2;SER:2;TYR:2;VAL:2;GLY:1;HIS:1;LYS:1,B,10,4,1,0.8,7,3,0.7,2,8,0.2,ARG:2;PRO:2;ASP:1;HIS:1;LYS:1;SER:1;TYR:1;VAL:1,Q9Y2U9,KLHDC2,A,8,1,1,0.5,4,4,0.5,1,7,0.125,PRO:2;ARG:1;ASP:1;GLY:1;SER:1;TYR:1;VAL:1,Q9Y2U9,KLHDC2
6DO5_DU.pdb,6DO5_DU,0,Z/1,212.46,-1.13,84.96,8.0,17,4,1,0.8,11,6,0.6471,4,13,0.2353,PRO:4;SER:4;ARG:2;HIS:2;TYR:2;VAL:2;ASP:1,B,9,2,1,0.6667,6,3,0.6667,2,7,0.2222,PRO:2;SER:2;ARG:1;ASP:1;HIS:1;TYR:1;VAL:1,Q9Y2U9,KLHDC2,A,8,2,0,1.0,5,3,0.625,2,6,0.25,PRO:2;SER:2;ARG:1;HIS:1;TYR:1;VAL:1,Q9Y2U9,KLHDC2
6FCV_DU.pdb,6FCV_DU,0,Z/1,12.79,80.4,11.44,8.0,15,5,1,0.8333,10,5,0.6667,0,15,0.0,ARG:5;CYS:2;GLY:2;GLU:1;ILE:1;LEU:1;PRO:1;SER:1;THR:1,B,8,3,0,1.0,6,2,0.75,0,8,0.0,ARG:3;CYS:2;GLY:1;LEU:1;SER:1,Q13216,ERCC8,A,7,2,1,0.6667,4,3,0.5714,0,7,0.0,ARG:2;GLU:1;GLY:1;ILE:1;PRO:1;THR:1,Q16531,DDB1
6FCV_DU.pdb,6FCV_DU,1,Z/2,-3.92,88.22,8.43,8.0,17,4,2,0.6667,12,5,0.7059,2,15,0.1176,ARG:4;ASN:4;MET:2;ASP:1;GLU:1;ILE:1;PHE:1;SER:1;TYR:1;VAL:1,B,9,2,1,0.6667,7,2,0.7778,2,7,0.2222,ARG:2;ASN:2;GLU:1;PHE:1;SER:1;TYR:1;VAL:1,Q13216,ERCC8,A,8,2,1,0.6667,5,3,0.625,0,8,0.0,ARG:2;ASN:2;MET:2;ASP:1;ILE:1,Q16531,DDB1
6FCV_DU.pdb,6FCV_DU,2,Z/3,-0.98,85.13,29.66,8.0,17,2,1,0.6667,11,6,0.6471,2,15,0.1176,SER:4;LEU:3;TYR:2;VAL:2;ALA:1;ARG:1;ASN:1;ASP:1;GLN:1;LYS:1,A,14,2,1,0.6667,9,5,0.6429,2,12,0.1429,SER:3;LEU:2;TYR:2;VAL:2;ALA:1;ARG:1;ASN:1;ASP:1;LYS:1,Q16531,DDB1,B,3,0,0,,2,1,0.6667,0,3,0.0,GLN:1;LEU:1;SER:1,Q13216,ERCC8
6FCV_DU.pdb,6FCV_DU,3,Z/4,13.78,78.63,29.3,8.0,18,3,3,0.5,9,9,0.5,0,18,0.0,ALA:2;ARG:2;ASN:2;GLU:2;LEU:2;PRO:2;VAL:2;ASP:1;GLY:1;LYS:1;THR:1,A,10,2,1,0.6667,5,5,0.5,0,10,0.0,ASN:2;VAL:2;ALA:1;ARG:1;GLU:1;LEU:1;LYS:1;PRO:1,Q16531,DDB1,B,8,1,2,0.3333,4,4,0.5,0,8,0.0,ALA:1;ARG:1;ASP:1;GLU:1;GLY:1;LEU:1;PRO:1;THR:1,Q13216,ERCC8
6FCV_DU.pdb,6FCV_DU,4,Z/5,20.63,63.68,4.85,8.0,14,2,4,0.3333,9,5,0.6429,2,12,0.1429,LEU:4;GLU:3;ARG:1;ASN:1;ASP:1;GLY:1;HIS:1;THR:1;TYR:1,A,8,1,3,0.25,4,4,0.5,0,8,0.0,LEU:3;GLU:2;ARG:1;ASP:1;GLY:1,Q16531,DDB1,B,6,1,1,0.5,5,1,0.8333,2,4,0.3333,ASN:1;GLU:1;HIS:1;LEU:1;THR:1;TYR:1,Q13216,ERCC8
6I2M_DU.pdb,6I2M_DU,0,Z/1,-22.4,-10.59,50.92,8.0,20,1,2,0.3333,12,8,0.6,5,15,0.25,TYR:4;LEU:3;ASN:2;ILE:2;ALA:1;ASP:1;GLN:1;GLU:1;LYS:1;PHE:1;SER:1;THR:1;VAL:1,A,16,1,2,0.3333,10,6,0.625,3,13,0.1875,ASN:2;ILE:2;LEU:2;TYR:2;ALA:1;ASP:1;GLN:1;GLU:1;LYS:1;PHE:1;SER:1;THR:1,P24768,KBTB1,B,4,0,0,,2,2,0.5,2,2,0.5,TYR:2;LEU:1;VAL:1,Q13618,CUL3
6JB7_DU.pdb,6JB7_DU,0,Z/1,164.39,0.38,173.9,8.0,13,2,4,0.3333,8,5,0.6154,0,13,0.0,ASP:3;GLY:2;LEU:2;ARG:1;ASN:1;GLN:1;GLU:1;LYS:1;PRO:1,A,9,1,4,0.2,7,2,0.7778,0,9,0.0,ASP:3;ASN:1;GLN:1;GLU:1;LEU:1;LYS:1;PRO:1,P61086,UBE2K,B,4,1,0,1.0,1,3,0.25,0,4,0.0,GLY:2;ARG:1;LEU:1,P0CG47,UBB
6JKY_DU.pdb,6JKY_DU,0,Z/1,-44.8,-37.18,-37.3,8.0,16,4,4,0.5,10,6,0.625,2,14,0.125,ARG:2;ASP:2;GLU:2;LYS:2;PRO:2;ILE:1;LEU:1;PHE:1;SER:1;TYR:1;VAL:1,D,9,1,4,0.2,7,2,0.7778,2,7,0.2222,ASP:2;GLU:2;LYS:1;PHE:1;SER:1;TYR:1;VAL:1,Q5ZTL3,,E,7,3,0,1.0,3,4,0.4286,0,7,0.0,ARG:2;PRO:2;ILE:1;LEU:1;LYS:1,P61088,UBE2N
6JWN_DU.pdb,6JWN_DU,0,Z/1,2.79,10.71,14.1,8.0,18,4,3,0.5714,14,4,0.7778,4,14,0.2222,GLN:3;ARG:2;GLU:2;GLY:2;TYR:2;ASP:1;CYS:1;HIS:1;LYS:1;PHE:1;THR:1;VAL:1,A,11,2,2,0.5,9,2,0.8182,2,9,0.1818,GLN:3;GLU:2;ARG:1;CYS:1;LYS:1;PHE:1;TYR:1;VAL:1,Q99619,SPSB2,C,7,2,1,0.6667,5,2,0.7143,2,5,0.2857,GLY:2;ARG:1;ASP:1;HIS:1;THR:1;TYR:1,Q99619,SPSB2
6K9P_DU.pdb,6K9P_DU,0,Z/1,1.1,3.61,22.38,8.0,16,3,2,0.6,8,8,0.5,3,13,0.1875,LEU:4;HIS:2;ILE:2;THR:2;ASP:1;GLU:1;GLY:1;LYS:1;PHE:1;SER:1,G,10,1,1,0.5,4,6,0.4,0,10,0.0,LEU:4;THR:2;GLU:1;GLY:1;ILE:1;LYS:1,P0CG47,UBB,B,6,2,1,0.6667,4,2,0.6667,3,3,0.5,HIS:2;ASP:1;ILE:1;PHE:1;SER:1,B9G207,
6KFP_DU.pdb,6KFP_DU,0,Z/1,-13.82,-29.07,7.23,8.0,16,3,3,0.5,12,4,0.75,5,11,0.3125,ASP:2;LYS:2;THR:2;TRP:2;TYR:2;ARG:1;ASN:1;CYS:1;GLU:1;MET:1;PHE:1,A,12,2,1,0.6667,9,3,0.75,4,8,0.3333,THR:2;TYR:2;ARG:1;ASN:1;CYS:1;GLU:1;LYS:1;MET:1;PHE:1;TRP:1,Q5ZTL4,,B,4,1,2,0.3333,3,1,0.75,1,3,0.25,ASP:2;LYS:1;TRP:1,P61088,UBE2N
6KG6_DU.pdb,6KG6_DU,0,Z/1,-26.13,-24.01,179.48,8.0,20,3,3,0.5,12,8,0.6,2,18,0.1,ASN:3;ALA:2;ASP:2;ILE:2;LYS:2;THR:2;ARG:1;CYS:1;GLU:1;GLY:1;PHE:1;PRO:1;TRP:1,C,10,1,3,0.25,6,4,0.6,0,10,0.0,ASP:2;ALA:1;ASN:1;GLU:1;GLY:1;ILE:1;LYS:1;PRO:1;THR:1,P62979,RPS27A,B,9,1,0,1.0,5,4,0.5556,2,7,0.2222,ASN:2;ALA:1;ARG:1;CYS:1;ILE:1;PHE:1;THR:1;TRP:1,Q5ZTL4,
6KG6_DU.pdb,6KG6_DU,1,Z/2,-25.11,-17.76,171.88,8.0,20,4,2,0.6667,10,10,0.5,3,17,0.15,LYS:3;ALA:2;LEU:2;PHE:2;SER:2;ARG:1;ASN:1;ASP:1;GLN:1;GLU:1;ILE:1;MET:1;PRO:1;TRP:1,B,10,2,1,0.6667,6,4,0.6,2,8,0.2,PHE:2;ALA:1;ARG:1;ASN:1;GLN:1;GLU:1;LYS:1;MET:1;SER:1,Q5ZTL4,,G,10,2,1,0.6667,4,6,0.4,1,9,0.1,LEU:2;LYS:2;ALA:1;ASP:1;ILE:1;PRO:1;SER:1;TRP:1,P61088,UBE2N
6KG6_DU.pdb,6KG6_DU,2,Z/3,-10.71,-12.95,172.52,8.0,15,0,2,0.0,7,8,0.4667,1,14,0.0667,ASN:3;LEU:3;ASP:2;ALA:1;CYS:1;ILE:1;MET:1;PHE:1;THR:1;VAL:1,G,10,0,2,0.0,5,5,0.5,0,10,0.0,LEU:3;ASN:2;ASP:2;ALA:1;CYS:1;ILE:1,P61088,UBE2N,B,5,0,0,,2,3,0.4,1,4,0.2,ASN:1;MET:1;PHE:1;THR:1;VAL:1,Q5ZTL4,
6KL4_DU.pdb,6KL4_DU,0,Z/1,-10.54,-53.21,7.33,8.0,15,1,1,0.5,7,8,0.4667,3,12,0.2,ALA:2;ASN:2;PHE:2;PRO:2;SER:2;ARG:1;ASP:1;GLN:1;MET:1;TRP:1,A,9,1,0,1.0,5,4,0.5556,2,7,0.2222,ASN:2;PHE:2;ALA:1;ARG:1;GLN:1;PRO:1;SER:1,Q5ZTL4,,B,6,0,1,0.0,2,4,0.3333,1,5,0.1667,ALA:1;ASP:1;MET:1;PRO:1;SER:1;TRP:1,P61088,UBE2N
6KL4_DU.pdb,6KL4_DU,1,Z/2,-15.47,-50.45,0.16,8.0,17,3,4,0.4286,11,6,0.6471,1,16,0.0588,ASP:3;ALA:2;GLN:2;LYS:2;THR:2;ARG:1;GLU:1;ILE:1;LEU:1;PRO:1;TRP:1,C,7,1,3,0.25,6,1,0.8571,0,7,0.0,ASP:2;GLN:2;GLU:1;LYS:1;PRO:1,,,A,5,1,0,1.0,3,2,0.6,1,4,0.2,THR:2;ALA:1;ARG:1;TRP:1,Q5ZTL4,
6LP2_DU.pdb,6LP2_DU,0,Z/1,-24.43,2.63,34.63,8.0,15,3,5,0.375,11,4,0.7333,1,14,0.0667,ASP:3;GLU:2;ILE:2;LYS:2;SER:2;ARG:1;GLN:1;LEU:1;TRP:1,A,7,1,3,0.25,6,1,0.8571,0,7,0.0,GLU:2;ARG:1;ASP:1;GLN:1;ILE:1;SER:1,Q5ZTL3,,D,7,2,1,0.6667,4,3,0.5714,1,6,0.1429,LYS:2;ASP:1;ILE:1;LEU:1;SER:1;TRP:1,P61088,UBE2N
6MNG_DU.pdb,6MNG_DU,0,Z/1,283.82,3.28,-6.25,8.0,19,3,4,0.4286,12,7,0.6316,2,17,0.1053,GLY:3;THR:3;ARG:2;ASP:2;GLU:2;ASN:1;GLN:1;ILE:1;LYS:1;PHE:1;PRO:1;TRP:1,A,7,1,0,1.0,4,3,0.5714,0,7,0.0,GLY:2;THR:2;ARG:1;ASN:1;ILE:1,,,D,6,2,2,0.5,5,1,0.8333,0,6,0.0,GLU:2;ARG:1;LYS:1;PRO:1;THR:1,Q9Z183,Padi4
6MNN_DU.pdb,6MNN_DU,0,Z/1,534.64,8.18,23.17,8.0,16,3,3,0.5,10,6,0.625,3,13,0.1875,GLY:3;ARG:2;ASP:2;ASN:1;GLN:1;GLU:1;LYS:1;PHE:1;PRO:1;THR:1;TRP:1;TYR:1,B,9,0,2,0.0,5,4,0.5556,3,6,0.3333,ASP:2;GLY:2;ASN:1;PHE:1;THR:1;TRP:1;TYR:1,,,D,4,2,1,0.6667,3,1,0.75,0,4,0.0,ARG:1;GLU:1;LYS:1;PRO:1,Q9Z183,Padi4
6MNO_DU.pdb,6MNO_DU,0,Z/1,287.39,12.83,28.87,8.0,20,3,2,0.6,12,8,0.6,3,17,0.15,GLY:3;THR:3;ALA:2;LYS:2;ARG:1;ASN:1;ASP:1;GLN:1;GLU:1;LEU:1;PHE:1;SER:1;TRP:1;TYR:1,A,16,2,2,0.5,10,6,0.625,2,14,0.125,THR:3;ALA:2;GLY:2;ARG:1;ASN:1;ASP:1;GLU:1;LEU:1;LYS:1;PHE:1;SER:1;TYR:1,,,B,2,0,0,,0,2,0.0,1,1,0.5,GLY:1;TRP:1,,
6NXK_DU.pdb,6NXK_DU,0,Z/1,-37.08,7.88,29.59,8.0,17,1,1,0.5,8,9,0.4706,0,17,0.0,LEU:5;THR:3;GLN:2;ALA:1;ARG:1;ASN:1;GLU:1;ILE:1;MET:1;VAL:1,B,9,1,0,1.0,4,5,0.4444,0,9,0.0,LEU:3;THR:2;ARG:1;GLN:1;ILE:1;VAL:1,P0CG48,UBC,C,8,0,1,0.0,4,4,0.5,0,8,0.0,LEU:2;ALA:1;ASN:1;GLN:1;GLU:1;MET:1;THR:1,Q9UJX6,ANAPC2
6NXK_DU.pdb,6NXK_DU,1,Z/2,-17.09,-7.46,6.92,8.0,18,2,2,0.5,8,10,0.4444,0,18,0.0,LEU:5;THR:3;GLU:2;LYS:2;ALA:1;ASN:1;GLY:1;ILE:1;MET:1;VAL:1,A,11,2,1,0.6667,5,6,0.4545,0,11,0.0,LEU:3;LYS:2;THR:2;GLU:1;GLY:1;ILE:1;VAL:1,P0CG48,UBC,D,7,0,1,0.0,3,4,0.4286,0,7,0.0,LEU:2;ALA:1;ASN:1;GLU:1;MET:1;THR:1,Q9UJX6,ANAPC2
6NXK_DU.pdb,6NXK_DU,2,Z/3,-29.24,6.97,16.71,8.0,16,0,0,,5,11,0.3125,5,11,0.3125,PHE:3;THR:3;MET:2;TYR:2;VAL:2;ALA:1;GLY:1;ILE:1;LEU:1,C,9,0,0,,3,6,0.3333,3,6,0.3333,PHE:2;THR:2;ALA:1;ILE:1;LEU:1;MET:1;TYR:1,Q9UJX6,ANAPC2,D,7,0,0,,2,5,0.2857,2,5,0.2857,VAL:2;GLY:1;MET:1;PHE:1;THR:1;TYR:1,Q9UJX6,ANAPC2
6OQ1_DU.pdb,6OQ1_DU,0,Z/1,64.22,1.36,23.5,8.0,17,2,0,1.0,8,9,0.4706,2,15,0.1176,LEU:3;THR:3;ALA:2;CYS:2;GLY:2;GLN:1;HIS:1;ILE:1;LYS:1;PHE:1,A,9,1,0,1.0,3,6,0.3333,2,7,0.2222,LEU:2;ALA:1;CYS:1;GLN:1;GLY:1;HIS:1;ILE:1;PHE:1,P0CG47,UBB,C,6,1,0,1.0,4,2,0.6667,0,6,0.0,THR:3;GLY:1;LEU:1;LYS:1,P0CG47,UBB
6P5B_DU.pdb,6P5B_DU,0,Z/1,52.71,12.56,5.56,8.0,13,3,4,0.4286,8,5,0.6154,1,12,0.0769,ASP:4;LEU:2;LYS:2;ARG:1;ILE:1;MET:1;SER:1;TRP:1,C,9,2,2,0.5,5,4,0.5556,1,8,0.1111,ASP:2;LEU:2;LYS:2;ILE:1;SER:1;TRP:1,P61088,UBE2N,A,2,1,0,1.0,1,1,0.5,0,2,0.0,ARG:1;MET:1,Q5ZTL4,
6P5B_DU.pdb,6P5B_DU,1,Z/2,47.94,15.89,-1.53,8.0,16,2,3,0.4,10,6,0.625,0,16,0.0,ALA:2;ASN:2;ASP:2;ILE:2;PRO:2;THR:2;ARG:1;GLN:1;GLU:1;LYS:1,E,10,1,3,0.25,6,4,0.6,0,10,0.0,ASP:2;PRO:2;ALA:1;ASN:1;GLN:1;GLU:1;ILE:1;LYS:1,P0CG48,UBC,A,6,1,0,1.0,4,2,0.6667,0,6,0.0,THR:2;ALA:1;ARG:1;ASN:1;ILE:1,Q5ZTL4,
6P8G_DU.pdb,6P8G_DU,0,Z/1,10.1,-11.24,-34.52,8.0,17,1,1,0.5,4,13,0.2353,2,15,0.1176,ALA:6;LEU:2;MET:2;PHE:2;ARG:1;ASN:1;ASP:1;CYS:1;VAL:1,B,9,1,0,1.0,3,6,0.3333,2,7,0.2222,ALA:2;LEU:2;PHE:2;ARG:1;ASN:1;CYS:1,P11802,CDK4,A,8,0,1,0.0,1,7,0.125,0,8,0.0,ALA:4;MET:2;ASP:1;VAL:1,P24385,CCND1
6ULH_DU.pdb,6ULH_DU,0,Z/1,2.71,43.14,10.44,8.0,15,1,1,0.5,10,5,0.6667,2,13,0.1333,ASN:2;LEU:2;SER:2;THR:2;ASP:1;CYS:1;LYS:1;MET:1;PHE:1;TYR:1;VAL:1,A,9,1,0,1.0,6,3,0.6667,2,7,0.2222,THR:2;ASN:1;LYS:1;MET:1;PHE:1;SER:1;TYR:1;VAL:1,Q5ZTL4,,C,6,0,1,0.0,4,2,0.6667,0,6,0.0,LEU:2;ASN:1;ASP:1;CYS:1;SER:1,P61088,UBE2N
6ULH_DU.pdb,6ULH_DU,1,Z/2,-2.71,44.9,22.05,8.0,17,3,1,0.75,11,6,0.6471,1,16,0.0588,LEU:2;LYS:2;SER:2;THR:2;ALA:1;ARG:1;ASN:1;CYS:1;GLN:1;GLU:1;GLY:1;MET:1;PHE:1,A,11,2,1,0.6667,8,3,0.7273,1,10,0.0909,LYS:2;SER:2;ASN:1;CYS:1;GLU:1;GLY:1;MET:1;PHE:1;THR:1,Q5ZTL4,,C,6,1,0,1.0,3,3,0.5,0,6,0.0,LEU:2;ALA:1;ARG:1;GLN:1;THR:1,P61088,UBE2N
6UMP_DU.pdb,6UMP_DU,0,Z/1,-41.43,167.2,-4.05,8.0,14,2,4,0.3333,11,3,0.7857,3,11,0.2143,ASP:4;TYR:2;ALA:1;ARG:1;ASN:1;GLN:1;LYS:1;MET:1;THR:1;TRP:1,A,8,1,0,1.0,5,3,0.625,3,5,0.375,TYR:2;ALA:1;ARG:1;ASN:1;MET:1;THR:1;TRP:1,Q5ZTL4,,C,3,1,2,0.3333,3,0,1.0,0,3,0.0,ASP:2;LYS:1,P61088,UBE2N
6UMS_DU.pdb,6UMS_DU,0,Z/1,15.78,22.29,10.81,8.0,16,0,1,0.0,7,9,0.4375,1,15,0.0625,LEU:3;ASN:2;ILE:2;THR:2;ALA:1;ASP:1;CYS:1;MET:1;PHE:1;SER:1;VAL:1,C,10,0,1,0.0,4,6,0.4,0,10,0.0,LEU:3;ILE:2;ALA:1;ASN:1;ASP:1;CYS:1;SER:1,P61088,UBE2N,A,6,0,0,,3,3,0.5,1,5,0.1667,THR:2;ASN:1;MET:1;PHE:1;VAL:1,Q5ZTL4,
6UPU_DU.pdb,6UPU_DU,0,Z/1,-40.96,-1.13,24.3,8.0,17,3,3,0.5,13,4,0.7647,1,16,0.0588,ASN:4;ARG:3;ASP:3;GLN:2;PRO:2;ALA:1;LEU:1;TYR:1,M,7,1,2,0.3333,6,1,0.8571,1,6,0.1429,ASP:2;ARG:1;ASN:1;GLN:1;LEU:1;TYR:1,B3CVM3,,B,5,0,1,0.0,2,3,0.4,0,5,0.0,PRO:2;ALA:1;ASP:1;GLN:1,P0CG48,UBC
6UPU_DU.pdb,6UPU_DU,1,Z/2,-44.4,-19.56,40.4,8.0,17,3,3,0.5,11,6,0.6471,1,16,0.0588,ARG:3;ASP:3;ALA:2;GLN:2;PRO:2;ASN:1;ILE:1;LEU:1;THR:1;TYR:1,A,8,1,2,0.3333,6,2,0.75,1,7,0.125,ASP:2;ALA:1;ARG:1;GLN:1;LEU:1;THR:1;TYR:1,B3CVM3,,N,6,0,1,0.0,2,4,0.3333,0,6,0.0,PRO:2;ALA:1;ASP:1;GLN:1;ILE:1,P0CG48,UBC
6UPU_DU.pdb,6UPU_DU,2,Z/3,-27.62,-9.24,39.25,8.0,21,0,1,0.0,6,15,0.2857,0,21,0.0,ALA:9;LEU:4;SER:2;THR:2;ASP:1;GLN:1;ILE:1;MET:1,M,11,0,1,0.0,3,8,0.2727,0,11,0.0,ALA:5;LEU:2;ASP:1;ILE:1;SER:1;THR:1,B3CVM3,,A,10,0,0,,3,7,0.3,0,10,0.0,ALA:4;LEU:2;GLN:1;MET:1;SER:1;THR:1,B3CVM3,
6WTG_DU.pdb,6WTG_DU,0,Z/1,12.38,6.46,22.69,8.0,23,1,1,0.5,10,13,0.4348,1,22,0.0435,LEU:5;ILE:3;THR:3;GLY:2;SER:2;VAL:2;ASN:1;GLN:1;GLU:1;LYS:1;PRO:1;TYR:1,A,12,0,0,,6,6,0.5,1,11,0.0833,SER:2;VAL:2;ASN:1;GLN:1;GLY:1;ILE:1;LEU:1;PRO:1;THR:1;TYR:1,Q5ZTK4,sdeA,D,11,1,1,0.5,4,7,0.3636,0,11,0.0,LEU:4;ILE:2;THR:2;GLU:1;GLY:1;LYS:1,P0CG48,UBC
6XOD_DU.pdb,6XOD_DU,0,Z/1,2.37,-11.03,31.56,8.0,15,3,2,0.6,9,6,0.6,4,11,0.2667,PHE:3;LYS:2;ARG:1;ASN:1;ASP:1;GLN:1;GLU:1;LEU:1;PRO:1;SER:1;TYR:1;VAL:1,B,9,2,1,0.6667,5,4,0.5556,1,8,0.1111,ARG:1;GLN:1;GLU:1;LEU:1;LYS:1;PHE:1;PRO:1;SER:1;VAL:1,Q9LSX7,PEX22,A,6,1,1,0.5,4,2,0.6667,3,3,0.5,PHE:2;ASN:1;ASP:1;LYS:1;TYR:1,Q8LGF7,PEX4
7AYE_DU.pdb,7AYE_DU,0,Z/1,-28.83,-4.25,-10.55,8.0,18,2,2,0.5,7,11,0.3889,3,15,0.1667,LEU:4;ALA:3;GLU:2;LYS:2;GLN:1;MET:1;PHE:1;THR:1;TRP:1;TYR:1;VAL:1,B,12,1,1,0.5,4,8,0.3333,1,11,0.0833,ALA:3;LEU:3;GLN:1;GLU:1;LYS:1;THR:1;TRP:1;VAL:1,Q328D2,dsbD,A,6,1,1,0.5,3,3,0.5,2,4,0.3333,GLU:1;LEU:1;LYS:1;MET:1;PHE:1;TYR:1,Q00987,MDM2
7AYE_DU.pdb,7AYE_DU,1,Z/2,-26.33,-15.64,-17.77,8.0,16,4,3,0.5714,10,6,0.625,5,11,0.3125,HIS:3;LEU:3;GLN:2;GLU:2;ASP:1;GLY:1;LYS:1;PHE:1;TYR:1;VAL:1,B,11,1,2,0.3333,6,5,0.5455,3,8,0.2727,LEU:3;GLN:2;ASP:1;GLU:1;GLY:1;HIS:1;PHE:1;TYR:1,Q328D2,dsbD,A,5,3,1,0.75,4,1,0.8,2,3,0.4,HIS:2;GLU:1;LYS:1;VAL:1,Q00987,MDM2
7AZX_DU.pdb,7AZX_DU,0,Z/1,-26.64,26.73,-14.57,8.0,19,3,3,0.5,12,7,0.6316,2,17,0.1053,GLN:4;ALA:2;GLU:2;HIS:2;LEU:2;VAL:2;ASP:1;CYS:1;LYS:1;MET:1;SER:1,A,11,1,2,0.3333,6,5,0.5455,0,11,0.0,ALA:2;ASP:1;CYS:1;GLN:1;GLU:1;LEU:1;LYS:1;MET:1;SER:1;VAL:1,Q13105,ZBTB17,B,8,2,1,0.6667,6,2,0.75,2,6,0.25,GLN:3;HIS:2;GLU:1;LEU:1;VAL:1,Q13105,ZBTB17
7AZX_DU.pdb,7AZX_DU,1,Z/2,-19.28,16.39,-2.47,8.0,18,4,2,0.6667,10,8,0.5556,2,16,0.1111,ALA:4;CYS:3;ASP:2;HIS:2;LEU:2;LYS:2;GLN:1;PRO:1;VAL:1,A,8,2,1,0.6667,5,3,0.625,1,7,0.125,ALA:2;CYS:2;ASP:1;HIS:1;LEU:1;LYS:1,Q13105,ZBTB17,B,6,2,1,0.6667,4,2,0.6667,1,5,0.1667,ALA:1;ASP:1;CYS:1;HIS:1;LEU:1;LYS:1,Q13105,ZBTB17
7BXG_DU.pdb,7BXG_DU,0,Z/1,-12.54,51.16,8.11,8.0,20,4,4,0.5,14,6,0.7,0,20,0.0,ASP:3;LYS:3;ALA:2;ASN:2;GLN:2;ILE:2;PRO:2;THR:2;ARG:1;GLU:1,D,11,1,3,0.25,7,4,0.6364,0,11,0.0,ASP:2;GLN:2;PRO:2;ALA:1;ASN:1;GLU:1;ILE:1;LYS:1,P0CG48,UBC,A,6,1,0,1.0,4,2,0.6667,0,6,0.0,THR:2;ALA:1;ARG:1;ASN:1;ILE:1,Q5ZTL4,
7BXG_DU.pdb,7BXG_DU,1,Z/2,-8.52,53.56,-2.33,8.0,18,3,1,0.75,10,8,0.5556,4,14,0.2222,PRO:3;ALA:2;ASN:2;LYS:2;PHE:2;SER:2;ARG:1;ASP:1;GLN:1;TRP:1;TYR:1,A,12,2,0,1.0,7,5,0.5833,3,9,0.25,ASN:2;PHE:2;PRO:2;ALA:1;ARG:1;GLN:1;LYS:1;SER:1;TYR:1,Q5ZTL4,,B,6,1,1,0.5,3,3,0.5,1,5,0.1667,ALA:1;ASP:1;LYS:1;PRO:1;SER:1;TRP:1,P61088,UBE2N
7EAO_DU.pdb,7EAO_DU,0,Z/1,-17.21,-4.95,32.07,8.0,17,5,3,0.625,13,4,0.7647,2,15,0.1176,GLU:3;LYS:3;ARG:2;GLN:2;PHE:2;ASN:1;ILE:1;MET:1;SER:1;THR:1,A,9,1,1,0.5,6,3,0.6667,2,7,0.2222,GLN:2;PHE:2;GLU:1;ILE:1;LYS:1;SER:1;THR:1,P0CG48,UBC,C,5,3,1,0.75,5,0,1.0,0,5,0.0,LYS:2;ARG:1;ASN:1;GLU:1,Q15025,TNIP1
7K2E_DU.pdb,7K2E_DU,0,Z/1,-32.98,26.72,31.51,8.0,18,4,1,0.8,10,8,0.5556,3,15,0.1667,ARG:3;LEU:3;ASN:2;PRO:2;TYR:2;CYS:1;GLU:1;GLY:1;HIS:1;ILE:1;VAL:1,A,11,2,0,1.0,5,6,0.4545,2,9,0.1818,LEU:2;ARG:1;ASN:1;CYS:1;GLY:1;HIS:1;ILE:1;PRO:1;TYR:1;VAL:1,Q14145,KEAP1,B,7,2,1,0.6667,5,2,0.7143,1,6,0.1429,ARG:2;ASN:1;GLU:1;LEU:1;PRO:1;TYR:1,Q14145,KEAP1
7K2E_DU.pdb,7K2E_DU,1,Z/2,-28.42,15.51,29.42,8.0,18,1,1,0.5,10,8,0.5556,3,15,0.1667,ASN:4;LEU:4;TYR:3;ALA:2;VAL:2;ARG:1;ASP:1;THR:1,B,11,0,1,0.0,6,5,0.5455,2,9,0.1818,ALA:2;ASN:2;LEU:2;TYR:2;ASP:1;THR:1;VAL:1,Q14145,KEAP1,A,7,1,0,1.0,4,3,0.5714,1,6,0.1429,ASN:2;LEU:2;ARG:1;TYR:1;VAL:1,Q14145,KEAP1
7LEW_DU.pdb,7LEW_DU,0,Z/1,11.29,-3.11,-16.63,8.0,22,3,2,0.6,11,11,0.5,3,19,0.1364,ALA:2;ARG:2;GLN:2;GLU:2;LEU:2;PRO:2;SER:2;GLY:1;LYS:1;MET:1;PHE:1;THR:1;TRP:1;TYR:1;VAL:1,A,12,1,1,0.5,4,8,0.3333,3,9,0.25,ALA:1;GLU:1;GLY:1;LEU:1;LYS:1;MET:1;PHE:1;PRO:1;THR:1;TRP:1;TYR:1;VAL:1,P60604,UBE2G2,B,10,2,1,0.6667,7,3,0.7,0,10,0.0,ARG:2;GLN:2;SER:2;ALA:1;GLU:1;LEU:1;PRO:1,Q9Y679,AUP1
7OVX_DU.pdb,7OVX_DU,0,Z/1,40.79,59.54,6.63,8.0,18,3,1,0.75,12,6,0.6667,3,15,0.1667,LEU:3;ARG:2;ASN:2;GLN:2;ASP:1;CYS:1;GLY:1;LYS:1;PHE:1;SER:1;THR:1;TRP:1;TYR:1,A,10,1,0,1.0,6,4,0.6,2,8,0.2,ASN:2;ARG:1;CYS:1;GLN:1;GLY:1;LEU:1;PHE:1;SER:1;TRP:1,Q9C029,TRIM7,Q,8,2,1,0.6667,6,2,0.75,1,7,0.125,LEU:2;ARG:1;ASP:1;GLN:1;LYS:1;THR:1;TYR:1,P46976,GYG1
7OWC_DU.pdb,7OWC_DU,0,Z/1,13.73,0.69,14.67,8.0,20,2,2,0.5,5,15,0.25,2,18,0.1,ILE:4;GLY:3;LEU:3;VAL:3;ARG:2;GLU:2;TRP:2;GLN:1,B,10,1,1,0.5,2,8,0.2,1,9,0.1,GLY:2;ILE:2;LEU:2;ARG:1;GLU:1;TRP:1;VAL:1,Q9NQC7,CYLD,D,10,1,1,0.5,3,7,0.3,1,9,0.1,ILE:2;VAL:2;ARG:1;GLN:1;GLU:1;GLY:1;LEU:1;TRP:1,Q9NQC7,CYLD
7OWD_DU.pdb,7OWD_DU,0,Z/1,-3.38,3.87,-29.63,8.0,16,6,3,0.6667,11,5,0.6875,1,15,0.0625,ARG:5;LEU:3;GLU:2;ASP:1;GLN:1;GLY:1;LYS:1;TYR:1;VAL:1,B,11,3,3,0.5,7,4,0.6364,1,10,0.0909,ARG:2;GLU:2;LEU:2;ASP:1;GLY:1;LYS:1;TYR:1;VAL:1,Q9NQC7,CYLD,A,5,3,0,1.0,4,1,0.8,0,5,0.0,ARG:3;GLN:1;LEU:1,P0CG48,UBC
7UKN_DU.pdb,7UKN_DU,0,Z/1,25.27,-27.31,-41.04,8.0,24,5,1,0.8333,13,11,0.5417,3,21,0.125,ALA:3;ARG:3;LEU:3;SER:3;VAL:2;CYS:1;GLN:1;GLU:1;GLY:1;HIS:1;LYS:1;PHE:1;PRO:1;THR:1;TYR:1,A,16,3,1,0.75,8,8,0.5,3,13,0.1875,SER:3;ALA:2;LEU:2;ARG:1;GLU:1;GLY:1;HIS:1;LYS:1;PHE:1;PRO:1;TYR:1;VAL:1,Q16531,DDB1,B,8,2,0,1.0,5,3,0.625,0,8,0.0,ARG:2;ALA:1;CYS:1;GLN:1;LEU:1;THR:1;VAL:1,F5HF44,UL145
7UV8_DU.pdb,7UV8_DU,0,Z/1,259.15,58.81,97.86,8.0,20,2,2,0.5,10,10,0.5,2,18,0.1,ILE:3;THR:3;GLN:2;PHE:2;VAL:2;ALA:1;ARG:1;ASP:1;GLU:1;LEU:1;LYS:1;MET:1;SER:1,V,12,1,2,0.3333,7,5,0.5833,1,11,0.0833,GLN:2;ALA:1;ASP:1;GLU:1;ILE:1;LEU:1;LYS:1;PHE:1;SER:1;THR:1;VAL:1,Q07457,BRE1,U,5,1,0,1.0,2,3,0.4,1,4,0.2,ARG:1;ILE:1;PHE:1;THR:1;VAL:1,Q07457,BRE1
7UV8_DU.pdb,7UV8_DU,1,Z/2,266.96,59.07,111.64,8.0,19,7,4,0.6364,15,4,0.7895,1,18,0.0526,ARG:5;ASN:2;ASP:2;GLU:2;ILE:2;LYS:2;ALA:1;CYS:1;THR:1;TRP:1,U,7,3,1,0.75,6,1,0.8571,0,7,0.0,ARG:2;ASN:1;ASP:1;ILE:1;LYS:1;THR:1,Q07457,BRE1,V,7,3,0,1.0,5,2,0.7143,0,7,0.0,ARG:3;ALA:1;ASN:1;CYS:1;ILE:1,Q07457,BRE1
7UYH_DU.pdb,7UYH_DU,0,Z/1,-16.59,39.23,19.75,8.0,18,3,3,0.5,11,7,0.6111,2,16,0.1111,GLU:3;ARG:2;GLN:2;ILE:2;ALA:1;ASN:1;GLY:1;LEU:1;LYS:1;PHE:1;PRO:1;SER:1;TYR:1,A,17,2,3,0.4,10,7,0.5882,2,15,0.1176,GLU:3;GLN:2;ILE:2;ALA:1;ARG:1;ASN:1;GLY:1;LEU:1;LYS:1;PHE:1;PRO:1;SER:1;TYR:1,Q5ZTB4,,B,1,1,0,1.0,1,0,1.0,0,1,0.0,ARG:1,P0CG48,UBC
7UYH_DU.pdb,7UYH_DU,1,Z/2,-13.72,30.71,35.64,8.0,23,6,8,0.4286,19,4,0.8261,0,23,0.0,ASP:5;ARG:3;GLU:3;LYS:3;GLN:2;LEU:2;CYS:1;ILE:1;SER:1;THR:1;VAL:1,A,15,3,6,0.3333,12,3,0.8,0,15,0.0,ASP:4;GLU:2;LYS:2;ARG:1;CYS:1;ILE:1;LEU:1;SER:1;THR:1;VAL:1,Q5ZTB4,,B,8,3,2,0.6,7,1,0.875,0,8,0.0,ARG:2;GLN:2;ASP:1;GLU:1;LEU:1;LYS:1,P0CG48,UBC
7W0Q_DU.pdb,7W0Q_DU,0,Z/1,9.99,14.72,25.59,8.0,17,1,1,0.5,9,8,0.5294,2,15,0.1176,THR:3;GLN:2;LEU:2;PHE:2;ALA:1;ARG:1;ASN:1;CYS:1;GLU:1;GLY:1;PRO:1;VAL:1,B,9,0,1,0.0,4,5,0.4444,1,8,0.1111,LEU:2;THR:2;ALA:1;GLN:1;GLU:1;GLY:1;PHE:1,P03313,,A,8,1,0,1.0,5,3,0.625,1,7,0.125,ARG:1;ASN:1;CYS:1;GLN:1;PHE:1;PRO:1;THR:1;VAL:1,Q9C029,TRIM7
7W0T_DU.pdb,7W0T_DU,0,Z/1,-15.42,-1.47,15.09,8.0,19,5,1,0.8333,10,9,0.5263,1,18,0.0526,ARG:4;LEU:4;GLY:2;CYS:1;GLN:1;GLU:1;HIS:1;ILE:1;PRO:1;SER:1;THR:1;VAL:1,C,12,2,0,1.0,4,8,0.3333,0,12,0.0,LEU:4;ARG:2;GLY:2;GLN:1;ILE:1;SER:1;VAL:1,Q9C029,TRIM7,B,7,3,1,0.75,6,1,0.8571,1,6,0.1429,ARG:2;CYS:1;GLU:1;HIS:1;PRO:1;THR:1,Q9C029,TRIM7
7WJQ_DU.pdb,7WJQ_DU,0,Z/1,-25.96,1.46,3.09,8.0,18,4,4,0.5,15,3,0.8333,1,17,0.0556,GLU:4;ARG:3;GLN:2;ILE:2;THR:2;ASN:1;CYS:1;LYS:1;MET:1;TYR:1,B,10,2,2,0.5,8,2,0.8,0,10,0.0,ARG:2;GLU:2;THR:2;ASN:1;GLN:1;ILE:1;MET:1,Q8TAX9,GSDMB,A,8,2,2,0.5,7,1,0.875,1,7,0.125,GLU:2;ARG:1;CYS:1;GLN:1;ILE:1;LYS:1;TYR:1,P18014,ipaH7.8
7X5F_DU.pdb,7X5F_DU,0,Z/1,-63.71,-22.08,-3.84,8.0,21,6,7,0.4615,14,7,0.6667,3,18,0.1429,LYS:5;GLU:4;ASP:3;LEU:2;MET:2;PHE:2;HIS:1;PRO:1;SER:1,B,11,2,3,0.4,6,5,0.5455,2,9,0.1818,GLU:2;LYS:2;MET:2;PHE:2;ASP:1;PRO:1;SER:1,Q16236,NFE2L2,F,10,4,4,0.5,8,2,0.8,1,9,0.1,LYS:3;ASP:2;GLU:2;LEU:2;HIS:1,Q16236,NFE2L2
8A8X_DU.pdb,8A8X_DU,0,Z/1,19.75,-7.41,14.76,8.0,21,6,4,0.6,15,6,0.7143,4,17,0.1905,ARG:3;ASP:3;HIS:3;CYS:2;LEU:2;SER:2;ALA:1;GLU:1;GLY:1;PHE:1;PRO:1;THR:1,A,11,3,3,0.5,9,2,0.8182,2,9,0.1818,ARG:2;ASP:2;CYS:1;GLU:1;HIS:1;PHE:1;PRO:1;SER:1;THR:1,Q9C029,TRIM7,C,10,3,1,0.75,6,4,0.6,2,8,0.2,HIS:2;LEU:2;ALA:1;ARG:1;ASP:1;CYS:1;GLY:1;SER:1,Q9C029,TRIM7
8CAF_DU.pdb,8CAF_DU,0,Z/1,219.97,117.01,229.91,8.0,15,3,1,0.75,10,5,0.6667,3,12,0.2,LYS:3;THR:2;TYR:2;ALA:1;GLN:1;GLU:1;GLY:1;PHE:1;PRO:1;SER:1;VAL:1,A,13,2,1,0.6667,9,4,0.6923,3,10,0.2308,LYS:2;THR:2;TYR:2;ALA:1;GLN:1;GLU:1;PHE:1;PRO:1;SER:1;VAL:1,,,B,2,1,0,1.0,1,1,0.5,0,2,0.0,GLY:1;LYS:1,,
8CAF_DU.pdb,8CAF_DU,1,Z/2,213.64,109.35,215.8,8.0,14,2,3,0.4,8,6,0.5714,1,13,0.0714,GLU:2;VAL:2;ALA:1;ARG:1;ASP:1;GLN:1;GLY:1;LEU:1;LYS:1;SER:1;THR:1;TRP:1,B,12,2,3,0.4,6,6,0.5,1,11,0.0833,GLU:2;VAL:2;ALA:1;ARG:1;ASP:1;GLY:1;LEU:1;LYS:1;SER:1;TRP:1,,,A,2,0,0,,2,0,1.0,0,2,0.0,GLN:1;THR:1,,
8CAF_DU.pdb,8CAF_DU,2,Z/3,229.66,125.06,218.08,8.0,13,2,1,0.6667,6,7,0.4615,3,10,0.2308,LEU:3;LYS:2;TYR:2;ALA:1;ASP:1;GLN:1;PRO:1;TRP:1;VAL:1,A,9,2,0,1.0,4,5,0.4444,1,8,0.1111,LEU:2;LYS:2;ALA:1;GLN:1;PRO:1;TYR:1;VAL:1,,,B,4,0,1,0.0,2,2,0.5,2,2,0.5,ASP:1;LEU:1;TRP:1;TYR:1,,
8D5J_DU.pdb,8D5J_DU,0,Z/1,20.95,28.64,18.11,8.0,15,1,2,0.3333,10,5,0.6667,6,9,0.4,PHE:3;TYR:3;ASP:2;SER:2;ALA:1;GLN:1;LYS:1;PRO:1;THR:1,A,9,0,2,0.0,5,4,0.5556,3,6,0.3333,ASP:2;PHE:2;ALA:1;GLN:1;PRO:1;THR:1;TYR:1,P01902,H2-K1,B,6,1,0,1.0,5,1,0.8333,3,3,0.5,SER:2;TYR:2;LYS:1;PHE:1,P01887,B2m
8D5J_DU.pdb,8D5J_DU,1,Z/2,7.73,24.12,23.11,8.0,17,2,2,0.5,7,10,0.4118,4,13,0.2353,ILE:3;PHE:3;ASP:2;SER:2;ALA:1;ARG:1;HIS:1;MET:1;PRO:1;THR:1;VAL:1,B,10,1,1,0.5,4,6,0.4,3,7,0.3,ILE:2;PHE:2;SER:2;ASP:1;HIS:1;MET:1;PRO:1,P01887,B2m,A,7,1,1,0.5,3,4,0.4286,1,6,0.1429,ALA:1;ARG:1;ASP:1;ILE:1;PHE:1;THR:1;VAL:1,P01902,H2-K1
8D5K_DU.pdb,8D5K_DU,0,Z/1,14.77,27.85,20.95,8.0,20,0,1,0.0,9,11,0.45,7,13,0.35,PHE:4;SER:4;TYR:3;ILE:2;MET:2;VAL:2;ASP:1;GLN:1;LEU:1,B,15,0,1,0.0,7,8,0.4667,5,10,0.3333,SER:4;PHE:3;MET:2;TYR:2;ASP:1;ILE:1;LEU:1;VAL:1,P01887,B2m,A,5,0,0,,2,3,0.4,2,3,0.4,GLN:1;ILE:1;PHE:1;TYR:1;VAL:1,P01902,H2-K1
8EBL_DU.pdb,8EBL_DU,0,Z/1,29.72,8.39,15.55,8.0,20,3,3,0.5,15,5,0.75,3,17,0.15,SER:3;ARG:2;ASN:2;ASP:2;GLY:2;THR:2;CYS:1;GLU:1;LEU:1;LYS:1;PHE:1;TRP:1;TYR:1,B,13,3,2,0.6,10,3,0.7692,3,10,0.2308,ARG:2;SER:2;ASN:1;ASP:1;GLU:1;LEU:1;LYS:1;PHE:1;THR:1;TRP:1;TYR:1,Q9Y2U9,KLHDC2,D,6,0,1,0.0,4,2,0.6667,0,6,0.0,GLY:2;ASN:1;ASP:1;CYS:1;SER:1,P29323,EPHB2
8EBL_DU.pdb,8EBL_DU,1,Z/2,31.07,-7.07,14.17,8.0,14,3,2,0.6,8,6,0.5714,4,10,0.2857,ARG:2;PHE:2;PRO:2;SER:2;ASP:1;GLU:1;GLY:1;HIS:1;LEU:1;TYR:1,B,13,2,2,0.5,7,6,0.5385,4,9,0.3077,PHE:2;PRO:2;SER:2;ARG:1;ASP:1;GLU:1;GLY:1;HIS:1;LEU:1;TYR:1,Q9Y2U9,KLHDC2,A,1,1,0,1.0,1,0,1.0,0,1,0.0,ARG:1,Q9Y2U9,KLHDC2
8EBN_DU.pdb,8EBN_DU,0,Z/1,11.51,-40.74,-14.24,8.0,15,2,4,0.3333,9,6,0.6,2,13,0.1333,GLU:3;ARG:2;LEU:2;ASN:1;ASP:1;MET:1;PHE:1;SER:1;THR:1;TRP:1;VAL:1,B,13,2,4,0.3333,9,4,0.6923,0,13,0.0,GLU:3;ARG:2;LEU:2;ASN:1;ASP:1;MET:1;SER:1;THR:1;VAL:1,Q9Y2U9,KLHDC2,A,2,0,0,,0,2,0.0,2,0,1.0,PHE:1;TRP:1,Q9Y2U9,KLHDC2
8EFW_DU.pdb,8EFW_DU,0,Z/1,53.51,-7.51,21.84,8.0,20,4,1,0.8,9,11,0.45,1,19,0.05,LEU:5;GLN:3;ARG:2;ILE:2;PRO:2;VAL:2;ASP:1;HIS:1;LYS:1;THR:1,C,19,4,1,0.8,8,11,0.4211,1,18,0.0526,LEU:5;ARG:2;GLN:2;ILE:2;PRO:2;VAL:2;ASP:1;HIS:1;LYS:1;THR:1,P0CG47,UBB,B,1,0,0,,1,0,1.0,0,1,0.0,GLN:1,Q5ZTK4,sdeA
8F5Q_DU.pdb,8F5Q_DU,0,Z/1,11.02,45.95,-31.02,8.0,23,2,6,0.25,13,10,0.5652,1,22,0.0435,GLU:4;ALA:2;ASN:2;ASP:2;GLY:2;ILE:2;ARG:1;CYS:1;GLN:1;LEU:1;LYS:1;PHE:1;PRO:1;SER:1;VAL:1,C,15,1,3,0.25,9,6,0.6,1,14,0.0667,ALA:2;ASN:2;GLU:2;ASP:1;CYS:1;GLN:1;GLY:1;LYS:1;PHE:1;PRO:1;SER:1;VAL:1,P12004,PCNA,A,8,1,3,0.25,4,4,0.5,0,8,0.0,GLU:2;ILE:2;ARG:1;ASP:1;GLY:1;LEU:1,P12004,PCNA
8FYU_DU.pdb,8FYU_DU,0,Z/1,-4.53,-2.02,12.66,8.0,17,3,3,0.5,11,6,0.6471,3,14,0.1765,LEU:3;ASP:2;GLN:2;LYS:2;MET:2;TYR:2;ARG:1;GLU:1;PHE:1;SER:1,A,7,1,0,1.0,3,4,0.4286,2,5,0.2857,LEU:2;GLN:1;LYS:1;MET:1;PHE:1;TYR:1,Q9UNE7,STUB1,B,6,2,1,0.6667,5,1,0.8333,1,5,0.1667,ARG:1;GLN:1;GLU:1;LEU:1;LYS:1;TYR:1,Q9UNE7,STUB1
8FYU_DU.pdb,8FYU_DU,1,Z/2,-18.21,0.86,18.74,8.0,15,2,5,0.2857,11,4,0.7333,2,13,0.1333,GLU:5;GLN:2;LEU:2;MET:2;CYS:1;HIS:1;LYS:1;TYR:1,B,9,1,3,0.25,7,2,0.7778,1,8,0.1111,GLU:3;GLN:2;CYS:1;HIS:1;LEU:1;MET:1,Q9UNE7,STUB1,A,6,1,2,0.3333,4,2,0.6667,1,5,0.1667,GLU:2;LEU:1;LYS:1;MET:1;TYR:1,Q9UNE7,STUB1
8HTD_DU.pdb,8HTD_DU,0,Z/1,29.01,20.71,5.47,8.0,18,1,2,0.3333,8,10,0.4444,4,14,0.2222,PHE:3;ALA:2;GLY:2;MET:2;SER:2;ASP:1;GLN:1;GLU:1;LYS:1;PRO:1;THR:1;TYR:1,A,16,1,2,0.3333,8,8,0.5,4,12,0.25,PHE:3;MET:2;SER:2;ALA:1;ASP:1;GLN:1;GLU:1;GLY:1;LYS:1;PRO:1;THR:1;TYR:1,Q7NY09,cteC,B,2,0,0,,0,2,0.0,0,2,0.0,ALA:1;GLY:1,P0CH08,RPL40A
8T2D_DU.pdb,8T2D_DU,0,Z/1,-17.53,2.25,-12.36,8.0,13,0,2,0.0,6,7,0.4615,3,10,0.2308,GLU:2;ILE:2;LEU:2;TYR:2;ASN:1;GLY:1;MET:1;PHE:1;SER:1,B,8,0,2,0.0,2,6,0.25,1,7,0.125,GLU:2;ILE:2;LEU:2;MET:1;PHE:1,P0CG47,UBB,A,5,0,0,,4,1,0.8,2,3,0.4,TYR:2;ASN:1;GLY:1;SER:1,Q12888,TP53BP1
8Y1U_DU.pdb,8Y1U_DU,0,Z/1,-21.06,-8.98,31.67,8.0,17,4,1,0.8,9,8,0.5294,2,15,0.1176,ARG:3;ILE:3;LEU:3;ALA:1;ASN:1;ASP:1;CYS:1;GLN:1;LYS:1;PHE:1;TYR:1,A,13,4,1,0.8,9,4,0.6923,1,12,0.0769,ARG:3;ILE:2;LEU:2;ASN:1;ASP:1;CYS:1;GLN:1;LYS:1;TYR:1,Q9H672,ASB7,D,4,0,0,,0,4,0.0,1,3,0.25,ALA:1;ILE:1;LEU:1;PHE:1,Q15369,ELOC
9BD3_DU.pdb,9BD3_DU,0,Z/1,-36.6,28.33,-18.44,8.0,17,3,2,0.6,13,4,0.7647,4,13,0.2353,TYR:4;LEU:3;ASP:2;LYS:2;SER:2;THR:2;ARG:1;VAL:1,C,9,1,1,0.5,6,3,0.6667,2,7,0.2222,LEU:2;TYR:2;ASP:1;LYS:1;SER:1;THR:1;VAL:1,P43358,MAGEA4,A,8,2,1,0.6667,7,1,0.875,2,6,0.25,TYR:2;ARG:1;ASP:1;LEU:1;LYS:1;SER:1;THR:1,P43358,MAGEA4
9BD3_DU.pdb,9BD3_DU,1,Z/2,-47.04,21.84,-9.41,8.0,15,3,2,0.6,9,6,0.6,2,13,0.1333,LEU:3;ASN:2;GLY:2;LYS:2;ARG:1;ASP:1;GLN:1;GLU:1;TRP:1;TYR:1,A,14,2,2,0.5,8,6,0.5714,2,12,0.1429,LEU:3;ASN:2;GLY:2;LYS:2;ASP:1;GLN:1;GLU:1;TRP:1;TYR:1,P43358,MAGEA4,C,1,1,0,1.0,1,0,1.0,0,1,0.0,ARG:1,P43358,MAGEA4
9BIV_DU.pdb,9BIV_DU,0,Z/1,7.8,31.92,22.41,8.0,14,4,1,0.8,7,7,0.5,1,13,0.0714,ARG:2;LEU:2;LYS:2;VAL:2;ASN:1;ASP:1;CYS:1;GLY:1;ILE:1;PHE:1,B,13,4,1,0.8,7,6,0.5385,1,12,0.0769,ARG:2;LYS:2;VAL:2;ASN:1;ASP:1;CYS:1;GLY:1;ILE:1;LEU:1;PHE:1,P61088,UBE2N,A,1,0,0,,0,1,0.0,0,1,0.0,LEU:1,Q15819,UBE2V2
9OLB_DU.pdb,9OLB_DU,0,Z/1,6.94,-10.14,29.98,8.0,16,3,2,0.6,8,8,0.5,6,10,0.375,GLU:2;HIS:2;LEU:2;PHE:2;PRO:2;THR:2;ALA:1;ARG:1;TRP:1;TYR:1,A,11,2,1,0.6667,5,6,0.4545,4,7,0.3636,LEU:2;ALA:1;ARG:1;GLU:1;HIS:1;PHE:1;PRO:1;THR:1;TRP:1;TYR:1,Q9BUZ4,TRAF4,C,4,1,1,0.5,3,1,0.75,2,2,0.5,GLU:1;HIS:1;PHE:1;THR:1,Q9BUZ4,TRAF4
9OLB_DU.pdb,9OLB_DU,1,Z/2,12.77,-1.32,37.75,8.0,18,4,2,0.6667,6,12,0.3333,3,15,0.1667,PRO:4;ALA:2;ARG:2;GLU:2;PHE:2;VAL:2;GLY:1;HIS:1;LEU:1;LYS:1,C,13,3,2,0.6,5,8,0.3846,3,10,0.2308,ARG:2;GLU:2;PHE:2;PRO:2;VAL:2;ALA:1;HIS:1;LEU:1,Q9BUZ4,TRAF4,B,5,1,0,1.0,1,4,0.2,0,5,0.0,PRO:2;ALA:1;GLY:1;LYS:1,Q9BUZ4,TRAF4
9YEA_DU.pdb,9YEA_DU,0,Z/1,-5.97,-0.83,7.53,8.0,18,1,1,0.5,7,11,0.3889,3,15,0.1667,ILE:3;LEU:2;PRO:2;THR:2;ALA:1;ASN:1;GLU:1;GLY:1;HIS:1;SER:1;TRP:1;TYR:1;VAL:1,A,14,1,1,0.5,5,9,0.3571,3,11,0.2143,ILE:3;PRO:2;ALA:1;ASN:1;GLU:1;HIS:1;LEU:1;SER:1;TRP:1;TYR:1;VAL:1,P62837,UBE2D2,B,4,0,0,,2,2,0.5,0,4,0.0,THR:2;GLY:1;LEU:1,P0CG48,UBC
9YEA_DU.pdb,9YEA_DU,1,Z/2,9.2,3.81,6.13,8.0,16,2,2,0.5,7,9,0.4375,0,16,0.0,LEU:5;ASP:2;ILE:2;SER:2;ARG:1;ASN:1;GLY:1;LYS:1;VAL:1,A,14,2,2,0.5,7,7,0.5,0,14,0.0,LEU:4;ASP:2;ILE:2;SER:2;ARG:1;ASN:1;LYS:1;VAL:1,P62837,UBE2D2,B,2,0,0,,0,2,0.0,0,2,0.0,GLY:1;LEU:1,P0CG48,UBC
